campaign,ad_group,keyword,match_type,impressions,clicks,cost,conversions,conversions_value,ctr,avg_cpc
"May 5, Leads-Search-2",Ad group 1,Edmonton laser hair removal,BROAD,619,47,55.297895,0.0,0.0,0.07592891760904685,1.1765509574468085
"May 5, Leads-Search-2",Ad group 1,permanent facial hair removal near me,BROAD,305,17,50.255214,3.0,3.0,0.05573770491803279,2.95618905882353
"May 5, Leads-Search-2",Ad group 1,unwanted hair removal,BROAD,300,19,27.613326,0.0,0.0,0.06333333333333334,1.4533329473684211
"May 5, Leads-Search-2",Ad group 1,hair removal services near me,BROAD,513,24,23.313087,0.0,0.0,0.04678362573099415,0.971378625
"May 5, Leads-Search-2",Ad group 1,laser clinic around me,BROAD,381,11,16.665509,0.0,0.0,0.028871391076115485,1.5150462727272727
"May 5, Leads-Search-2",Ad group 1,laser removal clinic near me,BROAD,198,9,13.860972,0.0,0.0,0.045454545454545456,1.540108
"May 5, Leads-Search-2",Ad group 1,permanent body hair removal,BROAD,235,11,12.259882,0.0,0.0,0.04680851063829787,1.1145347272727273
"May 5, Leads-Search-2",Ad group 1,brazilian hair removal,BROAD,282,12,8.752562,0.0,0.0,0.0425531914893617,0.7293801666666666
"May 5, Leads-Search-2",Ad group 1,laser prices near me,BROAD,99,3,5.589466,0.0,0.0,0.030303030303030304,1.8631553333333333
"May 5, Leads-Search-2",Ad group 1,brazilian hair removal near me,BROAD,66,2,5.228124,0.0,0.0,0.030303030303030304,2.614062
"May 5, Leads-Search-2",Ad group 1,laser hair removal west Edmonton,BROAD,71,4,5.13,0.0,0.0,0.056338028169014086,1.2825
"May 5, Leads-Search-2",Ad group 1,laser hair removal special,BROAD,85,4,3.379149,0.0,0.0,0.047058823529411764,0.84478725
"May 5, Leads-Search-2",Ad group 1,laser hair removal deals,BROAD,66,2,2.97,0.0,0.0,0.030303030303030304,1.485
"May 5, Leads-Search-2",Ad group 1,permanent facial hair removal for women,BROAD,22,1,2.94,0.0,0.0,0.045454545454545456,2.94
"May 5, Leads-Search-2",Ad group 1,laser hair removal places near me,BROAD,116,3,2.757385,0.0,0.0,0.02586206896551724,0.9191283333333333
"May 5, Leads-Search-2",Ad group 1,bikini line hair removal,BROAD,110,3,2.72,0.0,0.0,0.02727272727272727,0.9066666666666666
"May 5, Leads-Search-2",Ad group 1,bikini laser removal,BROAD,30,3,2.467957,0.0,0.0,0.1,0.8226523333333333
"May 5, Leads-Search-2",Ad group 1,body hair removal near me,BROAD,109,3,2.3,0.0,0.0,0.027522935779816515,0.7666666666666666
"May 5, Leads-Search-2",Ad group 1,whole body hair removal,BROAD,45,2,2.2268,0.0,0.0,0.044444444444444446,1.1134
"May 5, Leads-Search-2",Ad group 1,best laser for laser hair removal,BROAD,64,2,1.897019,0.0,0.0,0.03125,0.9485095
"May 5, Leads-Search-2",Ad group 1,professional permanent hair removal,BROAD,56,3,1.82406,0.0,0.0,0.05357142857142857,0.60802
"May 5, Leads-Search-2",Ad group 1,permanent laser hair removal,BROAD,31,1,1.772006,0.0,0.0,0.03225806451612903,1.772006
"May 5, Leads-Search-2",Ad group 1,hair removal cost,BROAD,25,2,1.603221,0.0,0.0,0.08,0.8016105
"May 5, Leads-Search-2",Ad group 1,hair removal prices near me,BROAD,105,3,1.469664,0.0,0.0,0.02857142857142857,0.489888
"May 5, Leads-Search-2",Ad group 1,armpit laser near me,BROAD,6,1,1.2,0.0,0.0,0.16666666666666666,1.2
"May 5, Leads-Search-2",Ad group 1,brazilian laser removal,BROAD,12,2,1.152394,0.0,0.0,0.16666666666666666,0.576197
"May 5, Leads-Search-2",Ad group 1,bikini hair removal,BROAD,108,1,1.127772,0.0,0.0,0.009259259259259259,1.127772
"May 5, Leads-Search-2",Ad group 1,laser hair removal down there,BROAD,65,3,1.087436,0.0,0.0,0.046153846153846156,0.36247866666666667
"May 5, Leads-Search-2",Ad group 1,full body hair removal,BROAD,6,1,0.66,0.0,0.0,0.16666666666666666,0.66
"May 5, Leads-Search-2",Ad group 1,laser treatment for facial hair,BROAD,41,2,0.511585,0.0,0.0,0.04878048780487805,0.2557925
"May 5, Leads-Search-2",Ad group 1,full face laser hair removal cost,BROAD,1,1,0.490348,0.0,0.0,1.0,0.490348
"May 5, Leads-Search-2",Ad group 1,laser hair removal upper lip near me,BROAD,64,1,0.33,0.0,0.0,0.015625,0.33
"May 5, Leads-Search-2",Ad group 1,laser treatment for hair removal near me,BROAD,87,2,0.269742,0.0,0.0,0.022988505747126436,0.134871
"May 5, Leads-Search-2",Ad group 1,full body laser near me,BROAD,4,1,0.1,0.0,0.0,0.25,0.1
Website traffic-Search-1,Ad group 1,pedicure,BROAD,0,0,0.0,0.0,0.0,0.0,0.0
Website traffic-Search-1,Ad group 1,waxing,BROAD,0,0,0.0,0.0,0.0,0.0,0.0
Website traffic-Search-1,Ad group 1,laser hair removal,BROAD,0,0,0.0,0.0,0.0,0.0,0.0
Website traffic-Search-1,Ad group 1,chemical peel,EXACT,0,0,0.0,0.0,0.0,0.0,0.0
Website traffic-Search-1,Ad group 1,wax,BROAD,0,0,0.0,0.0,0.0,0.0,0.0
Website traffic-Search-1,Ad group 1,dermatologist,BROAD,0,0,0.0,0.0,0.0,0.0,0.0
Website traffic-Search-1,Ad group 1,acne,BROAD,0,0,0.0,0.0,0.0,0.0,0.0
Website traffic-Search-1,Ad group 1,laser removal,BROAD,0,0,0.0,0.0,0.0,0.0,0.0
Website traffic-Search-1,Ad group 1,beauty salon,BROAD,0,0,0.0,0.0,0.0,0.0,0.0
Website traffic-Search-1,Ad group 1,dermatologist,EXACT,0,0,0.0,0.0,0.0,0.0,0.0
Website traffic-Search-1,Ad group 1,waxing,EXACT,0,0,0.0,0.0,0.0,0.0,0.0
Website traffic-Search-1,Ad group 1,mole removal,BROAD,0,0,0.0,0.0,0.0,0.0,0.0
Website traffic-Search-1,Ad group 1,skin tag removal,BROAD,0,0,0.0,0.0,0.0,0.0,0.0
Website traffic-Search-1,Ad group 1,wax hair removal,BROAD,0,0,0.0,0.0,0.0,0.0,0.0
Website traffic-Search-1,Ad group 1,skin tag,BROAD,0,0,0.0,0.0,0.0,0.0,0.0
Website traffic-Search-1,Ad group 1,co2 laser,EXACT,0,0,0.0,0.0,0.0,0.0,0.0
Website traffic-Search-1,Ad group 1,laser clinic,BROAD,0,0,0.0,0.0,0.0,0.0,0.0
Website traffic-Search-1,Ad group 1,permanent hair removal,PHRASE,0,0,0.0,0.0,0.0,0.0,0.0
Website traffic-Search-1,Ad group 1,hair removal spray,EXACT,0,0,0.0,0.0,0.0,0.0,0.0
Website traffic-Search-1,Ad group 1,male hair removal,EXACT,0,0,0.0,0.0,0.0,0.0,0.0
Website traffic-Search-1,Ad group 1,body skin care,EXACT,0,0,0.0,0.0,0.0,0.0,0.0
Website traffic-Search-1,Ad group 1,laser training,BROAD,0,0,0.0,0.0,0.0,0.0,0.0
Website traffic-Search-1,Ad group 1,mens laser hair removal,BROAD,0,0,0.0,0.0,0.0,0.0,0.0
Website traffic-Search-1,Ad group 1,bikini area hair removal,PHRASE,0,0,0.0,0.0,0.0,0.0,0.0
Website traffic-Search-1,Ad group 1,brazilian wax,EXACT,0,0,0.0,0.0,0.0,0.0,0.0
Website traffic-Search-1,Ad group 1,laser hair,PHRASE,0,0,0.0,0.0,0.0,0.0,0.0
Website traffic-Search-1,Ad group 1,medispa,BROAD,0,0,0.0,0.0,0.0,0.0,0.0
Website traffic-Search-1,Ad group 1,laser hair removal treatment,PHRASE,0,0,0.0,0.0,0.0,0.0,0.0
Website traffic-Search-1,Ad group 1,hair removal laser,PHRASE,0,0,0.0,0.0,0.0,0.0,0.0
Website traffic-Search-1,Ad group 1,laser hair removal price,PHRASE,0,0,0.0,0.0,0.0,0.0,0.0
Website traffic-Search-1,Ad group 1,laser hair removal clinic,PHRASE,0,0,0.0,0.0,0.0,0.0,0.0
Website traffic-Search-1,Ad group 1,best laser hair removal,PHRASE,0,0,0.0,0.0,0.0,0.0,0.0
Website traffic-Search-1,Ad group 1,bikini laser hair removal,PHRASE,0,0,0.0,0.0,0.0,0.0,0.0
Website traffic-Search-1,Ad group 1,cheap hair removal,EXACT,0,0,0.0,0.0,0.0,0.0,0.0
Website traffic-Search-1,Ad group 1,laser epilation,EXACT,0,0,0.0,0.0,0.0,0.0,0.0
Website traffic-Search-1,Ad group 1,bikini laser hair removal price,PHRASE,0,0,0.0,0.0,0.0,0.0,0.0
Website traffic-Search-1,Ad group 1,electrolysis and laser hair removal,EXACT,0,0,0.0,0.0,0.0,0.0,0.0
Website traffic-Search-1,Ad group 1,laser for hair,PHRASE,0,0,0.0,0.0,0.0,0.0,0.0
Website traffic-Search-1,Ad group 1,dermaplaning,EXACT,0,0,0.0,0.0,0.0,0.0,0.0
Website traffic-Search-1,Ad group 1,hair reduction,EXACT,0,0,0.0,0.0,0.0,0.0,0.0
Website traffic-Search-1,Ad group 1,body laser hair removal,BROAD,0,0,0.0,0.0,0.0,0.0,0.0
Website traffic-Search-1,Ad group 1,face laser hair removal,PHRASE,0,0,0.0,0.0,0.0,0.0,0.0
Website traffic-Search-1,Ad group 1,laser hair removal bikini area,PHRASE,0,0,0.0,0.0,0.0,0.0,0.0
Website traffic-Search-1,Ad group 1,laser treatment procedure,BROAD,0,0,0.0,0.0,0.0,0.0,0.0
Website traffic-Search-1,Ad group 1,to remove hair,BROAD,0,0,0.0,0.0,0.0,0.0,0.0
Website traffic-Search-1,Ad group 1,dermatology laser hair removal,BROAD,0,0,0.0,0.0,0.0,0.0,0.0
Website traffic-Search-1,Ad group 1,at home laser hair removal,EXACT,0,0,0.0,0.0,0.0,0.0,0.0
Website traffic-Search-1,Ad group 1,eyebrow laser tattoo removal,EXACT,0,0,0.0,0.0,0.0,0.0,0.0
Website traffic-Search-1,Ad group 1,microneedling,EXACT,0,0,0.0,0.0,0.0,0.0,0.0
Website traffic-Search-1,Ad group 1,alma laser,EXACT,0,0,0.0,0.0,0.0,0.0,0.0
Website traffic-Search-1,Ad group 1,underarms laser hair removal,PHRASE,0,0,0.0,0.0,0.0,0.0,0.0
Website traffic-Search-1,Ad group 1,alma soprano laser,EXACT,0,0,0.0,0.0,0.0,0.0,0.0
Website traffic-Search-1,Ad group 1,best place for laser hair removal,BROAD,0,0,0.0,0.0,0.0,0.0,0.0
Website traffic-Search-1,Ad group 1,manzillian,BROAD,0,0,0.0,0.0,0.0,0.0,0.0
Website traffic-Search-1,Ad group 1,ipl hair removal at home,EXACT,0,0,0.0,0.0,0.0,0.0,0.0
Website traffic-Search-1,Ad group 1,electrolysis hair removal near me,EXACT,0,0,0.0,0.0,0.0,0.0,0.0
Website traffic-Search-1,Ad group 1,laser hair removal black skin,BROAD,0,0,0.0,0.0,0.0,0.0,0.0
Website traffic-Search-1,Ad group 1,best place to get laser hair removal,BROAD,0,0,0.0,0.0,0.0,0.0,0.0
Website traffic-Search-1,Ad group 1,laser dark spot removal,EXACT,0,0,0.0,0.0,0.0,0.0,0.0
Website traffic-Search-1,Ad group 1,laser hair removal near me,PHRASE,0,0,0.0,0.0,0.0,0.0,0.0
Website traffic-Search-1,Ad group 1,beauty salons near me,EXACT,0,0,0.0,0.0,0.0,0.0,0.0
Website traffic-Search-1,Ad group 1,beauty salon near me,EXACT,0,0,0.0,0.0,0.0,0.0,0.0
Website traffic-Search-1,Ad group 1,brazilian wax near me,EXACT,0,0,0.0,0.0,0.0,0.0,0.0
Website traffic-Search-1,Ad group 1,eyebrow waxing near me,EXACT,0,0,0.0,0.0,0.0,0.0,0.0
Website traffic-Search-1,Ad group 1,waxing salon near me,EXACT,0,0,0.0,0.0,0.0,0.0,0.0
Website traffic-Search-1,Ad group 1,waxing near me,EXACT,0,0,0.0,0.0,0.0,0.0,0.0
Website traffic-Search-1,Ad group 1,facial waxing near me,EXACT,0,0,0.0,0.0,0.0,0.0,0.0
Website traffic-Search-1,Ad group 1,beauty parlour near me,EXACT,0,0,0.0,0.0,0.0,0.0,0.0
Website traffic-Search-1,Ad group 1,chemical peel near me,EXACT,0,0,0.0,0.0,0.0,0.0,0.0
Website traffic-Search-1,Ad group 1,wax near me,EXACT,0,0,0.0,0.0,0.0,0.0,0.0
Website traffic-Search-1,Ad group 1,sugaring near me,EXACT,0,0,0.0,0.0,0.0,0.0,0.0
Website traffic-Search-1,Ad group 1,laser near me,BROAD,0,0,0.0,0.0,0.0,0.0,0.0
Website traffic-Search-1,Ad group 1,facial hair removal near me,PHRASE,0,0,0.0,0.0,0.0,0.0,0.0
Website traffic-Search-1,Ad group 1,hair removal near me,PHRASE,0,0,0.0,0.0,0.0,0.0,0.0
Website traffic-Search-1,Ad group 1,laser removal near me,PHRASE,0,0,0.0,0.0,0.0,0.0,0.0
Website traffic-Search-1,Ad group 1,hair removal for face,EXACT,0,0,0.0,0.0,0.0,0.0,0.0
Website traffic-Search-1,Ad group 1,men laser hair removal,EXACT,0,0,0.0,0.0,0.0,0.0,0.0
Website traffic-Search-1,Ad group 1,wax hair removal,EXACT,0,0,0.0,0.0,0.0,0.0,0.0
Website traffic-Search-1,Ad group 1,waxing hair removal,EXACT,0,0,0.0,0.0,0.0,0.0,0.0
Website traffic-Search-1,Ad group 1,best laser hair removal near me,PHRASE,0,0,0.0,0.0,0.0,0.0,0.0
Website traffic-Search-1,Ad group 1,beauty rewind,EXACT,0,0,0.0,0.0,0.0,0.0,0.0
Website traffic-Search-1,Ad group 1,laser prices,BROAD,0,0,0.0,0.0,0.0,0.0,0.0
Website traffic-Search-1,Ad group 1,bikini laser,PHRASE,0,0,0.0,0.0,0.0,0.0,0.0
Website traffic-Search-1,Ad group 1,laser facial hair removal near me,PHRASE,0,0,0.0,0.0,0.0,0.0,0.0
Website traffic-Search-1,Ad group 1,photofacial treatment,PHRASE,0,0,0.0,0.0,0.0,0.0,0.0
Website traffic-Search-1,Ad group 1,clinic hair removal,BROAD,0,0,0.0,0.0,0.0,0.0,0.0
Website traffic-Search-1,Ad group 1,hair and laser clinic,BROAD,0,0,0.0,0.0,0.0,0.0,0.0
Website traffic-Search-1,Ad group 1,body hair removal treatment,PHRASE,0,0,0.0,0.0,0.0,0.0,0.0
Website traffic-Search-1,Ad group 1,medical laser hair removal,PHRASE,0,0,0.0,0.0,0.0,0.0,0.0
Website traffic-Search-1,Ad group 1,aesthetic solutions,EXACT,0,0,0.0,0.0,0.0,0.0,0.0
Website traffic-Search-1,Ad group 1,rejuvenate skin care,BROAD,0,0,0.0,0.0,0.0,0.0,0.0
Website traffic-Search-1,Ad group 1,full face hair removal,BROAD,0,0,0.0,0.0,0.0,0.0,0.0
Website traffic-Search-1,Ad group 1,laser hair removal edmonton,BROAD,0,0,0.0,0.0,0.0,0.0,0.0
Website traffic-Search-1,Ad group 1,laser for men,BROAD,0,0,0.0,0.0,0.0,0.0,0.0
Website traffic-Search-1,Ad group 1,laser places near me,PHRASE,0,0,0.0,0.0,0.0,0.0,0.0
Website traffic-Search-1,Ad group 1,beyond beauty,EXACT,0,0,0.0,0.0,0.0,0.0,0.0
Website traffic-Search-1,Ad group 1,laser skin removal,EXACT,0,0,0.0,0.0,0.0,0.0,0.0
Website traffic-Search-1,Ad group 1,soprano laser hair removal,EXACT,0,0,0.0,0.0,0.0,0.0,0.0
Website traffic-Search-1,Ad group 1,full body laser,PHRASE,0,0,0.0,0.0,0.0,0.0,0.0
Website traffic-Search-1,Ad group 1,the laser clinic,PHRASE,0,0,0.0,0.0,0.0,0.0,0.0
Website traffic-Search-1,Ad group 1,laser hair removal clinic near me,PHRASE,0,0,0.0,0.0,0.0,0.0,0.0
Website traffic-Search-1,Ad group 1,dermaplaning near me,EXACT,0,0,0.0,0.0,0.0,0.0,0.0
Website traffic-Search-1,Ad group 1,braun laser hair removal,EXACT,0,0,0.0,0.0,0.0,0.0,0.0
Website traffic-Search-1,Ad group 1,beauty salon edmonton,EXACT,0,0,0.0,0.0,0.0,0.0,0.0
Website traffic-Search-1,Ad group 1,beauty salon in edmonton,EXACT,0,0,0.0,0.0,0.0,0.0,0.0
Website traffic-Search-1,Ad group 1,body laser treatment,PHRASE,0,0,0.0,0.0,0.0,0.0,0.0
Website traffic-Search-1,Ad group 1,chin hair electrolysis,EXACT,0,0,0.0,0.0,0.0,0.0,0.0
Website traffic-Search-1,Ad group 1,laser fat removal near me,EXACT,0,0,0.0,0.0,0.0,0.0,0.0
Website traffic-Search-1,Ad group 1,dermapure,EXACT,0,0,0.0,0.0,0.0,0.0,0.0
Website traffic-Search-1,Ad group 1,dermatologist clinic,EXACT,0,0,0.0,0.0,0.0,0.0,0.0
Website traffic-Search-1,Ad group 1,ipl hair removal results,EXACT,0,0,0.0,0.0,0.0,0.0,0.0
Website traffic-Search-1,Ad group 1,aesthetic clinic,EXACT,0,0,0.0,0.0,0.0,0.0,0.0
Website traffic-Search-1,Ad group 1,at home hair removal laser,EXACT,0,0,0.0,0.0,0.0,0.0,0.0
Website traffic-Search-1,Ad group 1,c02 laser,EXACT,0,0,0.0,0.0,0.0,0.0,0.0
Website traffic-Search-1,Ad group 1,laser body,PHRASE,0,0,0.0,0.0,0.0,0.0,0.0
Website traffic-Search-1,Ad group 1,waxing hair removal service near me,EXACT,0,0,0.0,0.0,0.0,0.0,0.0
Website traffic-Search-1,Ad group 1,laser hair removal med spa,PHRASE,0,0,0.0,0.0,0.0,0.0,0.0
Website traffic-Search-1,Ad group 1,dermatologist appointments,EXACT,0,0,0.0,0.0,0.0,0.0,0.0
Website traffic-Search-1,Ad group 1,beautician near me,EXACT,0,0,0.0,0.0,0.0,0.0,0.0
Website traffic-Search-1,Ad group 1,skin rejuvenation services,PHRASE,0,0,0.0,0.0,0.0,0.0,0.0
Website traffic-Search-1,Ad group 1,buff wax,EXACT,0,0,0.0,0.0,0.0,0.0,0.0
Website traffic-Search-1,Ad group 1,melasma treatment laser,EXACT,0,0,0.0,0.0,0.0,0.0,0.0
Website traffic-Search-1,Ad group 1,permanent removal,PHRASE,0,0,0.0,0.0,0.0,0.0,0.0
Website traffic-Search-1,Ad group 1,beyond beauty salon,EXACT,0,0,0.0,0.0,0.0,0.0,0.0
Website traffic-Search-1,Ad group 1,cosmetic laser clinic,EXACT,0,0,0.0,0.0,0.0,0.0,0.0
Website traffic-Search-1,Ad group 1,bare laser hair removal,EXACT,0,0,0.0,0.0,0.0,0.0,0.0
Website traffic-Search-1,Ad group 1,face laser clinic,PHRASE,0,0,0.0,0.0,0.0,0.0,0.0
Website traffic-Search-1,Ad group 1,dermaplane,EXACT,0,0,0.0,0.0,0.0,0.0,0.0
Website traffic-Search-1,Ad group 1,body epilation,BROAD,0,0,0.0,0.0,0.0,0.0,0.0
Website traffic-Search-1,Ad group 1,closed comedones extraction,EXACT,0,0,0.0,0.0,0.0,0.0,0.0
Website traffic-Search-1,Ad group 1,alma laser hair removal,EXACT,0,0,0.0,0.0,0.0,0.0,0.0
Website traffic-Search-1,Ad group 1,bare wax studio,EXACT,0,0,0.0,0.0,0.0,0.0,0.0
Website traffic-Search-1,Ad group 1,vectus laser hair removal,EXACT,0,0,0.0,0.0,0.0,0.0,0.0
Website traffic-Search-1,Ad group 1,all body hair removal,PHRASE,0,0,0.0,0.0,0.0,0.0,0.0
Website traffic-Search-1,Ad group 1,laser hair removal near me prices,PHRASE,0,0,0.0,0.0,0.0,0.0,0.0
Website traffic-Search-1,Ad group 1,men's facial laser hair removal,EXACT,0,0,0.0,0.0,0.0,0.0,0.0
Website traffic-Search-1,Ad group 1,hair eraser,EXACT,0,0,0.0,0.0,0.0,0.0,0.0
Website traffic-Search-1,Ad group 1,lucere,EXACT,0,0,0.0,0.0,0.0,0.0,0.0
Website traffic-Search-1,Ad group 1,full body hair removal treatment,PHRASE,0,0,0.0,0.0,0.0,0.0,0.0
Website traffic-Search-1,Ad group 1,how much is for laser hair removal,PHRASE,0,0,0.0,0.0,0.0,0.0,0.0
Website traffic-Search-1,Ad group 1,cheap laser,EXACT,0,0,0.0,0.0,0.0,0.0,0.0
Website traffic-Search-1,Ad group 1,laser machines,BROAD,0,0,0.0,0.0,0.0,0.0,0.0
Website traffic-Search-1,Ad group 1,best hydrafacial near me,EXACT,0,0,0.0,0.0,0.0,0.0,0.0
Website traffic-Search-1,Ad group 1,full body laser hair removal near me,PHRASE,0,0,0.0,0.0,0.0,0.0,0.0
Website traffic-Search-1,Ad group 1,cost of laser,PHRASE,0,0,0.0,0.0,0.0,0.0,0.0
Website traffic-Search-1,Ad group 1,hair removal salons,BROAD,0,0,0.0,0.0,0.0,0.0,0.0
Website traffic-Search-1,Ad group 1,waxing edmonton,EXACT,0,0,0.0,0.0,0.0,0.0,0.0
Website traffic-Search-1,Ad group 1,laser for body,BROAD,0,0,0.0,0.0,0.0,0.0,0.0
Website traffic-Search-1,Ad group 1,acne clinic near me,EXACT,0,0,0.0,0.0,0.0,0.0,0.0
Website traffic-Search-1,Ad group 1,electrolysis hair removal edmonton,EXACT,0,0,0.0,0.0,0.0,0.0,0.0
Website traffic-Search-1,Ad group 1,cellulite treatment edmonton,EXACT,0,0,0.0,0.0,0.0,0.0,0.0
Website traffic-Search-1,Ad group 1,hair removal treatment near me,PHRASE,0,0,0.0,0.0,0.0,0.0,0.0
Website traffic-Search-1,Ad group 1,brazilian laser hair removal edmonton,PHRASE,0,0,0.0,0.0,0.0,0.0,0.0
Website traffic-Search-1,Ad group 1,hair removal laser edmonton,PHRASE,0,0,0.0,0.0,0.0,0.0,0.0
Website traffic-Search-1,Ad group 1,chemical peel edmonton,EXACT,0,0,0.0,0.0,0.0,0.0,0.0
Website traffic-Search-1,Ad group 1,brazilian laser hair removal near me,EXACT,0,0,0.0,0.0,0.0,0.0,0.0
Website traffic-Search-1,Ad group 1,cosmedics edmonton,EXACT,0,0,0.0,0.0,0.0,0.0,0.0
Website traffic-Search-1,Ad group 1,laser tattoo removal edmonton,EXACT,0,0,0.0,0.0,0.0,0.0,0.0
Website traffic-Search-1,Ad group 1,best dermatologist edmonton,EXACT,0,0,0.0,0.0,0.0,0.0,0.0
Website traffic-Search-1,Ad group 1,male bikini laser hair removal,EXACT,0,0,0.0,0.0,0.0,0.0,0.0
Website traffic-Search-1,Ad group 1,male laser hair removal near me,EXACT,0,0,0.0,0.0,0.0,0.0,0.0
Website traffic-Search-1,Ad group 1,mens hair removal near me,EXACT,0,0,0.0,0.0,0.0,0.0,0.0
Website traffic-Search-1,Ad group 1,acne clinic west edmonton mall,EXACT,0,0,0.0,0.0,0.0,0.0,0.0
Website traffic-Search-1,Ad group 1,brazilian wax edmonton,EXACT,0,0,0.0,0.0,0.0,0.0,0.0
Website traffic-Search-1,Ad group 1,bliss med spa,EXACT,0,0,0.0,0.0,0.0,0.0,0.0
Website traffic-Search-1,Ad group 1,laser hair removal spruce grove,BROAD,0,0,0.0,0.0,0.0,0.0,0.0
Website traffic-Search-1,Ad group 1,laser hair removal spa near me,PHRASE,0,0,0.0,0.0,0.0,0.0,0.0
Website traffic-Search-1,Ad group 1,face electrolysis hair removal,EXACT,0,0,0.0,0.0,0.0,0.0,0.0
Website traffic-Search-1,Ad group 1,acne treatment edmonton,EXACT,0,0,0.0,0.0,0.0,0.0,0.0
Website traffic-Search-1,Ad group 1,derma clinics,EXACT,0,0,0.0,0.0,0.0,0.0,0.0
Website traffic-Search-1,Ad group 1,co2 laser edmonton,EXACT,0,0,0.0,0.0,0.0,0.0,0.0
Website traffic-Search-1,Ad group 1,best dermatologist in edmonton,EXACT,0,0,0.0,0.0,0.0,0.0,0.0
Website traffic-Search-1,Ad group 1,cosmetic dermatology edmonton,EXACT,0,0,0.0,0.0,0.0,0.0,0.0
Website traffic-Search-1,Ad group 1,laser hair removal spas,PHRASE,0,0,0.0,0.0,0.0,0.0,0.0
Website traffic-Search-1,Ad group 1,cosmetic dermatologist edmonton,EXACT,0,0,0.0,0.0,0.0,0.0,0.0
Website traffic-Search-1,Ad group 1,electrolysis edmonton cost,EXACT,0,0,0.0,0.0,0.0,0.0,0.0
Website traffic-Search-1,Ad group 1,bespoke beauty,EXACT,0,0,0.0,0.0,0.0,0.0,0.0
Website traffic-Search-1,Ad group 1,carrie l,EXACT,0,0,0.0,0.0,0.0,0.0,0.0
Website traffic-Search-1,Ad group 1,body sculpting edmonton,EXACT,0,0,0.0,0.0,0.0,0.0,0.0
Website traffic-Search-1,Ad group 1,grey hair permanent removal,EXACT,0,0,0.0,0.0,0.0,0.0,0.0
Website traffic-Search-1,Ad group 1,laser mole removal edmonton,EXACT,0,0,0.0,0.0,0.0,0.0,0.0
Website traffic-Search-1,Ad group 1,body and soul sherwood park,EXACT,0,0,0.0,0.0,0.0,0.0,0.0
Website traffic-Search-1,Ad group 1,bushwhacked laser,EXACT,0,0,0.0,0.0,0.0,0.0,0.0
Website traffic-Search-1,Ad group 1,bare wax,EXACT,0,0,0.0,0.0,0.0,0.0,0.0
Website traffic-Search-1,Ad group 1,laser clinic treatments,PHRASE,0,0,0.0,0.0,0.0,0.0,0.0
Website traffic-Search-1,Ad group 1,laser hair removal st albert,PHRASE,0,0,0.0,0.0,0.0,0.0,0.0
Website traffic-Search-1,Ad group 1,best laser hair removal in edmonton,PHRASE,0,0,0.0,0.0,0.0,0.0,0.0
Website traffic-Search-1,Ad group 1,armpit laser hair removal near me,PHRASE,0,0,0.0,0.0,0.0,0.0,0.0
Website traffic-Search-1,Ad group 1,beauty rewind edmonton,BROAD,0,0,0.0,0.0,0.0,0.0,0.0
Website traffic-Search-1,Ad group 1,best facial edmonton,EXACT,0,0,0.0,0.0,0.0,0.0,0.0
Website traffic-Search-1,Ad group 1,edmonton electrolysis hair removal,EXACT,0,0,0.0,0.0,0.0,0.0,0.0
Website traffic-Search-1,Ad group 1,wax edmonton,EXACT,0,0,0.0,0.0,0.0,0.0,0.0
Website traffic-Search-1,Ad group 1,cheap hydrafacial near me,EXACT,0,0,0.0,0.0,0.0,0.0,0.0
Website traffic-Search-1,Ad group 1,facial rejuvenation near me,EXACT,0,0,0.0,0.0,0.0,0.0,0.0
Website traffic-Search-1,Ad group 1,bella vita laser,EXACT,0,0,0.0,0.0,0.0,0.0,0.0
Website traffic-Search-1,Ad group 1,bare electrolysis,EXACT,0,0,0.0,0.0,0.0,0.0,0.0
Website traffic-Search-1,Ad group 1,bella tonic spa edmonton,EXACT,0,0,0.0,0.0,0.0,0.0,0.0
Website traffic-Search-1,Ad group 1,true balance st albert,EXACT,0,0,0.0,0.0,0.0,0.0,0.0
Website traffic-Search-1,Ad group 1,beauty nurse,EXACT,0,0,0.0,0.0,0.0,0.0,0.0
Website traffic-Search-1,Ad group 1,bare esthetics,EXACT,0,0,0.0,0.0,0.0,0.0,0.0
Website traffic-Search-1,Ad group 1,ipl laser treatment near me,EXACT,0,0,0.0,0.0,0.0,0.0,0.0
Website traffic-Search-1,Ad group 1,body laser hair removal near me,PHRASE,0,0,0.0,0.0,0.0,0.0,0.0
Website traffic-Search-1,Ad group 1,aesthetics near me,EXACT,0,0,0.0,0.0,0.0,0.0,0.0
Website traffic-Search-1,Ad group 1,full face laser hair removal edmonton,PHRASE,0,0,0.0,0.0,0.0,0.0,0.0
Website traffic-Search-1,Ad group 1,bikini laser hair removal near me,PHRASE,0,0,0.0,0.0,0.0,0.0,0.0
Website traffic-Search-1,Ad group 1,laser hair removal services near me,PHRASE,0,0,0.0,0.0,0.0,0.0,0.0
Website traffic-Search-1,Ad group 1,mens laser hair removal edmonton,EXACT,0,0,0.0,0.0,0.0,0.0,0.0
Website traffic-Search-1,Ad group 1,cheap laser removal tattoo,EXACT,0,0,0.0,0.0,0.0,0.0,0.0
Website traffic-Search-1,Ad group 1,best beauty clinic near me,EXACT,0,0,0.0,0.0,0.0,0.0,0.0
Website traffic-Search-1,Ad group 1,brazilian waxing tutorial,EXACT,0,0,0.0,0.0,0.0,0.0,0.0
Website traffic-Search-1,Ad group 1,deep facial cleansing near me,EXACT,0,0,0.0,0.0,0.0,0.0,0.0
Website traffic-Search-1,Ad group 1,beauty rewind edmonton,EXACT,0,0,0.0,0.0,0.0,0.0,0.0
Website traffic-Search-1,Ad group 1,bella laser clinic,EXACT,0,0,0.0,0.0,0.0,0.0,0.0
Website traffic-Search-1,Ad group 1,spas west edmonton,EXACT,0,0,0.0,0.0,0.0,0.0,0.0
Website traffic-Search-1,Ad group 1,IPL treatments,PHRASE,0,0,0.0,0.0,0.0,0.0,0.0
Website traffic-Search-1,Ad group 1,medispa edmonton,EXACT,0,0,0.0,0.0,0.0,0.0,0.0
Website traffic-Search-1,Ad group 1,deep facial cleaning near me,EXACT,0,0,0.0,0.0,0.0,0.0,0.0
Website traffic-Search-1,Ad group 1,dermaplaning edmonton,EXACT,0,0,0.0,0.0,0.0,0.0,0.0
Website traffic-Search-1,Ad group 1,ulike hair removal,EXACT,0,0,0.0,0.0,0.0,0.0,0.0
Website traffic-Search-1,Ad group 1,male laser,EXACT,0,0,0.0,0.0,0.0,0.0,0.0
Website traffic-Search-1,Ad group 1,laser hair removal services,PHRASE,0,0,0.0,0.0,0.0,0.0,0.0
Website traffic-Search-1,Ad group 1,bare sugaring,EXACT,0,0,0.0,0.0,0.0,0.0,0.0
Website traffic-Search-1,Ad group 1,dermalounge edmonton,EXACT,0,0,0.0,0.0,0.0,0.0,0.0
Website traffic-Search-1,Ad group 1,top rated dermatologist near me,EXACT,0,0,0.0,0.0,0.0,0.0,0.0
Website traffic-Search-1,Ad group 1,body laser clinic,PHRASE,0,0,0.0,0.0,0.0,0.0,0.0
Website traffic-Search-1,Ad group 1,best rated laser hair removal near me,PHRASE,0,0,0.0,0.0,0.0,0.0,0.0
Website traffic-Search-1,Ad group 1,facial skin rejuvenation edmonton,PHRASE,0,0,0.0,0.0,0.0,0.0,0.0
Website traffic-Search-1,Ad group 1,dermatologist edmonton downtown,EXACT,0,0,0.0,0.0,0.0,0.0,0.0
Website traffic-Search-1,Ad group 1,bush whacked laser,EXACT,0,0,0.0,0.0,0.0,0.0,0.0
Website traffic-Search-1,Ad group 1,best facials in edmonton,EXACT,0,0,0.0,0.0,0.0,0.0,0.0
Website traffic-Search-1,Ad group 1,underarm whitening edmonton,EXACT,0,0,0.0,0.0,0.0,0.0,0.0
Website traffic-Search-1,Ad group 1,cosmetic laser clinic edmonton,EXACT,0,0,0.0,0.0,0.0,0.0,0.0
Website traffic-Search-1,Ad group 1,beauty salons in edmonton,EXACT,0,0,0.0,0.0,0.0,0.0,0.0
Website traffic-Search-1,Ad group 1,vbeam laser near me,EXACT,0,0,0.0,0.0,0.0,0.0,0.0
Website traffic-Search-1,Ad group 1,mens hair removal edmonton,EXACT,0,0,0.0,0.0,0.0,0.0,0.0
Website traffic-Search-1,Ad group 1,cheap microneedling near me,EXACT,0,0,0.0,0.0,0.0,0.0,0.0
Website traffic-Search-1,Ad group 1,electrolysis near me prices,EXACT,0,0,0.0,0.0,0.0,0.0,0.0
Website traffic-Search-1,Ad group 1,body and laser,BROAD,0,0,0.0,0.0,0.0,0.0,0.0
Website traffic-Search-1,Ad group 1,electrolysis permanent hair removal near me,EXACT,0,0,0.0,0.0,0.0,0.0,0.0
Website traffic-Search-1,Ad group 1,best dermatologist for black skin near me,EXACT,0,0,0.0,0.0,0.0,0.0,0.0
Website traffic-Search-1,Ad group 1,aesthetic clinic edmonton,EXACT,0,0,0.0,0.0,0.0,0.0,0.0
Website traffic-Search-1,Ad group 1,body and laser clinic,PHRASE,0,0,0.0,0.0,0.0,0.0,0.0
Website traffic-Search-1,Ad group 1,cheap hair laser removal near me,PHRASE,0,0,0.0,0.0,0.0,0.0,0.0
Website traffic-Search-1,Ad group 1,yag laser treatment near me,EXACT,0,0,0.0,0.0,0.0,0.0,0.0
Website traffic-Search-1,Ad group 1,permanent laser treatment,PHRASE,0,0,0.0,0.0,0.0,0.0,0.0
Website traffic-Search-1,Ad group 1,beautyrewind,EXACT,0,0,0.0,0.0,0.0,0.0,0.0
Website traffic-Search-1,Ad group 1,beauty rewind sherwood park,EXACT,0,0,0.0,0.0,0.0,0.0,0.0
Website traffic-Search-1,Ad group 1,hydrafacial edmonton cost,EXACT,0,0,0.0,0.0,0.0,0.0,0.0
Website traffic-Search-1,Ad group 1,alberta dermasurgery centre edmonton,EXACT,0,0,0.0,0.0,0.0,0.0,0.0
Website traffic-Search-1,Ad group 1,dermatologist edmonton alberta,EXACT,0,0,0.0,0.0,0.0,0.0,0.0
Website traffic-Search-1,Ad group 1,dermatologist edmonton near me,EXACT,0,0,0.0,0.0,0.0,0.0,0.0
Website traffic-Search-1,Ad group 1,braun hair laser removal,EXACT,0,0,0.0,0.0,0.0,0.0,0.0
Website traffic-Search-1,Ad group 1,laser hair removal black skin near me,BROAD,0,0,0.0,0.0,0.0,0.0,0.0
Website traffic-Search-1,Ad group 1,beauty bar edmonton,EXACT,0,0,0.0,0.0,0.0,0.0,0.0
Website traffic-Search-1,Ad group 1,aesthetics edmonton,EXACT,0,0,0.0,0.0,0.0,0.0,0.0
Website traffic-Search-1,Ad group 1,bikini laser near me,PHRASE,0,0,0.0,0.0,0.0,0.0,0.0
Website traffic-Search-1,Ad group 1,fotona 4d laser near me,EXACT,0,0,0.0,0.0,0.0,0.0,0.0
Website traffic-Search-1,Ad group 1,hair removal skin clinic,PHRASE,0,0,0.0,0.0,0.0,0.0,0.0
Website traffic-Search-1,Ad group 1,laser hair removal near me with prices,PHRASE,0,0,0.0,0.0,0.0,0.0,0.0
Website traffic-Search-1,Ad group 1,armpit lightening treatment,EXACT,0,0,0.0,0.0,0.0,0.0,0.0
Website traffic-Search-1,Ad group 1,coconut oil hair removal,EXACT,0,0,0.0,0.0,0.0,0.0,0.0
Website traffic-Search-1,Ad group 1,buff edmonton,EXACT,0,0,0.0,0.0,0.0,0.0,0.0
Website traffic-Search-1,Ad group 1,buff wax spot edmonton,EXACT,0,0,0.0,0.0,0.0,0.0,0.0
Website traffic-Search-1,Ad group 1,microneedling cost edmonton,EXACT,0,0,0.0,0.0,0.0,0.0,0.0
Website traffic-Search-1,Ad group 1,alberta dermasurgery centre,EXACT,0,0,0.0,0.0,0.0,0.0,0.0
Website traffic-Search-1,Ad group 1,south edmonton laser hair removal,EXACT,0,0,0.0,0.0,0.0,0.0,0.0
Website traffic-Search-1,Ad group 1,best facials edmonton,EXACT,0,0,0.0,0.0,0.0,0.0,0.0
Website traffic-Search-1,Ad group 1,rejuvenation dermatology,EXACT,0,0,0.0,0.0,0.0,0.0,0.0
Website traffic-Search-1,Ad group 1,removing pores from face,EXACT,0,0,0.0,0.0,0.0,0.0,0.0
Website traffic-Search-1,Ad group 1,rejuvenation dermatology downtown edmonton,EXACT,0,0,0.0,0.0,0.0,0.0,0.0
Website traffic-Search-1,Ad group 1,rejuvenation dermatology edmonton,EXACT,0,0,0.0,0.0,0.0,0.0,0.0
Website traffic-Search-1,Ad group 1,intimate bleaching edmonton,EXACT,0,0,0.0,0.0,0.0,0.0,0.0
Website traffic-Search-1,Ad group 1,bestskin,EXACT,0,0,0.0,0.0,0.0,0.0,0.0
Website traffic-Search-1,Ad group 1,rejuvenation dermatology edmonton windermere,EXACT,0,0,0.0,0.0,0.0,0.0,0.0
Website traffic-Search-1,Ad group 1,beauty concepts edmonton,EXACT,0,0,0.0,0.0,0.0,0.0,0.0
Website traffic-Search-1,Ad group 1,black skin facial near me,EXACT,0,0,0.0,0.0,0.0,0.0,0.0
Website traffic-Search-1,Ad group 1,a2 medispa,EXACT,0,0,0.0,0.0,0.0,0.0,0.0
Website traffic-Search-1,Ad group 1,calla beauty boutique,EXACT,0,0,0.0,0.0,0.0,0.0,0.0
Website traffic-Search-1,Ad group 1,belly fat laser removal cost,EXACT,0,0,0.0,0.0,0.0,0.0,0.0
Website traffic-Search-1,Ad group 1,depilacion zona intima para mujeres,EXACT,0,0,0.0,0.0,0.0,0.0,0.0
Website traffic-Search-1,Ad group 1,whitening laser treatment near me,EXACT,0,0,0.0,0.0,0.0,0.0,0.0
Website traffic-Search-1,Ad group 1,rejuvenation dermatology clinic,EXACT,0,0,0.0,0.0,0.0,0.0,0.0
Website traffic-Search-1,Ad group 1,albany laser edmonton,EXACT,0,0,0.0,0.0,0.0,0.0,0.0
Website traffic-Search-1,Ad group 1,adara hair and body studio,EXACT,0,0,0.0,0.0,0.0,0.0,0.0
Website traffic-Search-1,Ad group 1,top laser hair removal edmonton,PHRASE,0,0,0.0,0.0,0.0,0.0,0.0
Website traffic-Search-1,Ad group 1,west edmonton laser hair removal,PHRASE,0,0,0.0,0.0,0.0,0.0,0.0
Website traffic-Search-1,Ad group 1,laser clinic canada,EXACT,0,0,0.0,0.0,0.0,0.0,0.0
Website traffic-Search-1,Ad group 1,ascension beauty,EXACT,0,0,0.0,0.0,0.0,0.0,0.0
Website traffic-Search-1,Ad group 1,laser treatment for seborrheic keratosis near me,EXACT,0,0,0.0,0.0,0.0,0.0,0.0
Website traffic-Search-1,Ad group 1,algae peel near me,EXACT,0,0,0.0,0.0,0.0,0.0,0.0
Website traffic-Search-1,Ad group 1,beauty diamond medispa,EXACT,0,0,0.0,0.0,0.0,0.0,0.0
Website traffic-Search-1,Ad group 1,rejuvenation dermatology clinic edmonton south,EXACT,0,0,0.0,0.0,0.0,0.0,0.0
Website traffic-Search-1,Ad group 1,blossom laser hair removal,EXACT,0,0,0.0,0.0,0.0,0.0,0.0
Website traffic-Search-1,Ad group 1,what is the cost of ipl laser treatment,PHRASE,0,0,0.0,0.0,0.0,0.0,0.0
Website traffic-Search-1,Ad group 1,hydra facial edmonton,EXACT,0,0,0.0,0.0,0.0,0.0,0.0
Website traffic-Search-1,Ad group 1,absolute aesthetics edmonton,EXACT,0,0,0.0,0.0,0.0,0.0,0.0
Website traffic-Search-1,Ad group 1,dermalux sherwood park,EXACT,0,0,0.0,0.0,0.0,0.0,0.0
Website traffic-Search-1,Ad group 1,hair removal wax for men near me,EXACT,0,0,0.0,0.0,0.0,0.0,0.0
Website traffic-Search-1,Ad group 1,alberta dermasurgery center,EXACT,0,0,0.0,0.0,0.0,0.0,0.0
Website traffic-Search-1,Ad group 1,leah v skin care and laser clinic photos,EXACT,0,0,0.0,0.0,0.0,0.0,0.0
Website traffic-Search-1,Ad group 1,bees sugaring,EXACT,0,0,0.0,0.0,0.0,0.0,0.0
Website traffic-Search-1,Ad group 1,best hydrafacial near me reviews,EXACT,0,0,0.0,0.0,0.0,0.0,0.0
Website traffic-Search-1,Ad group 1,bare wax and beauty bar reviews,EXACT,0,0,0.0,0.0,0.0,0.0,0.0
Website traffic-Search-1,Ad group 1,derma near me near me,EXACT,0,0,0.0,0.0,0.0,0.0,0.0
Website traffic-Search-1,Ad group 1,c02 laser edmonton,EXACT,0,0,0.0,0.0,0.0,0.0,0.0
Website traffic-Search-1,Ad group 1,dermapure riverbend,EXACT,0,0,0.0,0.0,0.0,0.0,0.0
Website traffic-Search-1,Ad group 1,crave beauty spruce grove,EXACT,0,0,0.0,0.0,0.0,0.0,0.0
Website traffic-Search-1,Ad group 1,buff wax spot sherwood park,EXACT,0,0,0.0,0.0,0.0,0.0,0.0
Website traffic-Search-1,Ad group 1,adore beauty sherwood park,EXACT,0,0,0.0,0.0,0.0,0.0,0.0
Website traffic-Search-1,Ad group 1,eyebrow removal laser near me,EXACT,0,0,0.0,0.0,0.0,0.0,0.0
Website traffic-Search-1,Ad group 1,leah v skin care and laser clinic edmonton,EXACT,0,0,0.0,0.0,0.0,0.0,0.0
Website traffic-Search-1,Ad group 1,dermapure sherwood park,EXACT,0,0,0.0,0.0,0.0,0.0,0.0
Website traffic-Search-1,Ad group 1,bare laser and skin studio,EXACT,0,0,0.0,0.0,0.0,0.0,0.0
Website traffic-Search-1,Ad group 1,facial hair removal at home naturally permanently,EXACT,0,0,0.0,0.0,0.0,0.0,0.0
Website traffic-Search-1,Ad group 1,celin laser and beauty,EXACT,0,0,0.0,0.0,0.0,0.0,0.0
Website traffic-Search-1,Ad group 1,celine laser beauty,EXACT,0,0,0.0,0.0,0.0,0.0,0.0
Website traffic-Search-1,Ad group 1,alberta dermasurgery centre dr kwok,EXACT,0,0,0.0,0.0,0.0,0.0,0.0
Website traffic-Search-1,Ad group 1,a wax alone,EXACT,0,0,0.0,0.0,0.0,0.0,0.0
Website traffic-Search-1,Ad group 1,arganna stony plain,EXACT,0,0,0.0,0.0,0.0,0.0,0.0
Website traffic-Search-1,Ad group 1,dermapure edmonton riverbend,EXACT,0,0,0.0,0.0,0.0,0.0,0.0
Website traffic-Search-1,Ad group 1,bespoke beauty by nurse sheena,EXACT,0,0,0.0,0.0,0.0,0.0,0.0
Website traffic-Search-1,Ad group 1,dermalux medical aesthetics reviews,EXACT,0,0,0.0,0.0,0.0,0.0,0.0
Website traffic-Search-1,Ad group 1,confidence code edmonton,EXACT,0,0,0.0,0.0,0.0,0.0,0.0
Website traffic-Search-1,Ad group 1,dermalux edmonton,EXACT,0,0,0.0,0.0,0.0,0.0,0.0
Website traffic-Search-1,Ad group 1,bellavera aesthetics,EXACT,0,0,0.0,0.0,0.0,0.0,0.0
Website traffic-Search-1,Ad group 1,lucere dermatology & laser clinic downtown,EXACT,0,0,0.0,0.0,0.0,0.0,0.0
Website traffic-Search-1,Ad group 1,derma shine spa st albert,EXACT,0,0,0.0,0.0,0.0,0.0,0.0
Website traffic-Search-1,Ad group 1,bellavera skin,EXACT,0,0,0.0,0.0,0.0,0.0,0.0
Website traffic-Search-1,Ad group 1,crave beauty lab spruce grove,EXACT,0,0,0.0,0.0,0.0,0.0,0.0
Website traffic-Search-1,Ad group 1,edgemont laser hair removal,PHRASE,0,0,0.0,0.0,0.0,0.0,0.0
Website traffic-Search-1,Ad group 1,bare studio west edmonton,PHRASE,0,0,0.0,0.0,0.0,0.0,0.0
Website traffic-Search-1,Ad group 1,bare studio laser,PHRASE,0,0,0.0,0.0,0.0,0.0,0.0
Website traffic-Search-1,Ad group 1,hair removal west edmonton,PHRASE,0,0,0.0,0.0,0.0,0.0,0.0
Website traffic-Search-1,Ad group 1,bella tonic photos,EXACT,0,0,0.0,0.0,0.0,0.0,0.0
Website traffic-Search-1,Ad group 1,buff wax sherwood park,EXACT,0,0,0.0,0.0,0.0,0.0,0.0
Website traffic-Search-1,Ad group 1,ava aesthetic studio,EXACT,0,0,0.0,0.0,0.0,0.0,0.0
Website traffic-Search-1,Ad group 1,atmosphere spruce grove,EXACT,0,0,0.0,0.0,0.0,0.0,0.0
Website traffic-Search-1,Ad group 1,undershave ka tarika,EXACT,0,0,0.0,0.0,0.0,0.0,0.0
Website traffic-Search-1,Ad group 1,Laser Hair Removal West Edmonton,PHRASE,0,0,0.0,0.0,0.0,0.0,0.0
Website traffic-Search-1,Ad group 1,callingwood laser hair removal,BROAD,0,0,0.0,0.0,0.0,0.0,0.0
Website traffic-Search-1,Ad group 1,the hamptons laser hair removal,BROAD,0,0,0.0,0.0,0.0,0.0,0.0
Website traffic-Search-1,Ad group 1,the uplands laser hair removal,BROAD,0,0,0.0,0.0,0.0,0.0,0.0
Website traffic-Search-1,Ad group 1,urban retreat laser hair removal,BROAD,0,0,0.0,0.0,0.0,0.0,0.0
Website traffic-Search-1,Ad group 1,laser sheer laser hair removal,BROAD,0,0,0.0,0.0,0.0,0.0,0.0
Website traffic-Search-1,Ad group 1,reversal laser & tattoo removal edmonton,EXACT,0,0,0.0,0.0,0.0,0.0,0.0
Website traffic-Search-1,Ad group 1,how to remove hair from face for 14 years girl,EXACT,0,0,0.0,0.0,0.0,0.0,0.0
Website traffic-Search-1,Ad group 1,legs laser west edmonton,PHRASE,0,0,0.0,0.0,0.0,0.0,0.0
Website traffic-Search-1,Ad group 1,leah v skin care & laser clinic photos,EXACT,0,0,0.0,0.0,0.0,0.0,0.0
Website traffic-Search-1,Ad group 1,underarms laser hair removal edmonton,BROAD,0,0,0.0,0.0,0.0,0.0,0.0
Website traffic-Search-1,Ad group 1,5326 calgary trail nw edmonton ab t6h 4j8,EXACT,0,0,0.0,0.0,0.0,0.0,0.0
Website traffic-Search-1,Ad group 1,bikini laser callingwood,PHRASE,0,0,0.0,0.0,0.0,0.0,0.0
Website traffic-Search-1,Ad group 1,albany laser reviews,EXACT,0,0,0.0,0.0,0.0,0.0,0.0
Website traffic-Search-1,Ad group 1,albany cosmetic and laser centre reviews,EXACT,0,0,0.0,0.0,0.0,0.0,0.0
Website traffic-Search-1,Ad group 1,arganna beauty & health stony plain,EXACT,0,0,0.0,0.0,0.0,0.0,0.0
Website traffic-Search-1,Ad group 1,bare laser studio west edmonton,PHRASE,0,0,0.0,0.0,0.0,0.0,0.0
Website traffic-Search-1,Ad group 1,Bare Laser & Skin Studio Edmonton,PHRASE,0,0,0.0,0.0,0.0,0.0,0.0
Website traffic-Search-1,Ad group 1,bare laser edmonton,BROAD,0,0,0.0,0.0,0.0,0.0,0.0
Website traffic-Search-1,Ad group 1,legs laser callingwood,PHRASE,0,0,0.0,0.0,0.0,0.0,0.0
Website traffic-Search-1,Ad group 1,skin rejuventation IPL edmonton,BROAD,0,0,0.0,0.0,0.0,0.0,0.0
Website traffic-Search-1,Ad group 1,laser hair removal beauty style edmonton,PHRASE,0,0,0.0,0.0,0.0,0.0,0.0
Website traffic-Search-1,Ad group 1,alyssa weins,EXACT,0,0,0.0,0.0,0.0,0.0,0.0
Website traffic-Search-1,Ad group 1,laser coarses,BROAD,0,0,0.0,0.0,0.0,0.0,0.0
Website traffic-Search-1,Ad group 1,at hoe hair removal laser hair removal jobs,BROAD,0,0,0.0,0.0,0.0,0.0,0.0
Website traffic-Search-1,Ad group 1,bare laser callingwood,PHRASE,0,0,0.0,0.0,0.0,0.0,0.0
Website traffic-Search-1,Ad group 1,brazilian laser callingwood,PHRASE,0,0,0.0,0.0,0.0,0.0,0.0
"May 5, Leads-Search-2",Ad group 1,leg hair removal,BROAD,0,0,0.0,0.0,0.0,0.0,0.0
"May 5, Leads-Search-2",Ad group 1,epilators,EXACT,0,0,0.0,0.0,0.0,0.0,0.0
"May 5, Leads-Search-2",Ad group 1,beauty,EXACT,0,0,0.0,0.0,0.0,0.0,0.0
"May 5, Leads-Search-2",Ad group 1,electrolysis,EXACT,0,0,0.0,0.0,0.0,0.0,0.0
"May 5, Leads-Search-2",Ad group 1,back hair removal,BROAD,2,0,0.0,0.0,0.0,0.0,0.0
"May 5, Leads-Search-2",Ad group 1,bikini laser hair removal,BROAD,39,0,0.0,0.0,0.0,0.0,0.0
"May 5, Leads-Search-2",Ad group 1,permanent facial hair removal,BROAD,32,0,0.0,0.0,0.0,0.0,0.0
"May 5, Leads-Search-2",Ad group 1,facial,EXACT,0,0,0.0,0.0,0.0,0.0,0.0
"May 5, Leads-Search-2",Ad group 1,beauty salons,EXACT,0,0,0.0,0.0,0.0,0.0,0.0
"May 5, Leads-Search-2",Ad group 1,acne,EXACT,0,0,0.0,0.0,0.0,0.0,0.0
"May 5, Leads-Search-2",Ad group 1,beauty salon,EXACT,0,0,0.0,0.0,0.0,0.0,0.0
"May 5, Leads-Search-2",Ad group 1,hair removal for women,BROAD,16,0,0.0,0.0,0.0,0.0,0.0
"May 5, Leads-Search-2",Ad group 1,beauty care,EXACT,0,0,0.0,0.0,0.0,0.0,0.0
"May 5, Leads-Search-2",Ad group 1,epilator,EXACT,0,0,0.0,0.0,0.0,0.0,0.0
"May 5, Leads-Search-2",Ad group 1,bikini wax,EXACT,0,0,0.0,0.0,0.0,0.0,0.0
"May 5, Leads-Search-2",Ad group 1,facial spas,EXACT,0,0,0.0,0.0,0.0,0.0,0.0
"May 5, Leads-Search-2",Ad group 1,neck hair removal,BROAD,0,0,0.0,0.0,0.0,0.0,0.0
"May 5, Leads-Search-2",Ad group 1,facial hair removal,EXACT,0,0,0.0,0.0,0.0,0.0,0.0
"May 5, Leads-Search-2",Ad group 1,facial at home,EXACT,0,0,0.0,0.0,0.0,0.0,0.0
"May 5, Leads-Search-2",Ad group 1,upper lip hair removal,BROAD,0,0,0.0,0.0,0.0,0.0,0.0
"May 5, Leads-Search-2",Ad group 1,armpit hair removal,BROAD,0,0,0.0,0.0,0.0,0.0,0.0
"May 5, Leads-Search-2",Ad group 1,brazilian waxing,EXACT,0,0,0.0,0.0,0.0,0.0,0.0
"May 5, Leads-Search-2",Ad group 1,body treatments,EXACT,0,0,0.0,0.0,0.0,0.0,0.0
"May 5, Leads-Search-2",Ad group 1,beautician,EXACT,0,0,0.0,0.0,0.0,0.0,0.0
"May 5, Leads-Search-2",Ad group 1,better skin,EXACT,0,0,0.0,0.0,0.0,0.0,0.0
"May 5, Leads-Search-2",Ad group 1,brazilian wax,EXACT,0,0,0.0,0.0,0.0,0.0,0.0
"May 5, Leads-Search-2",Ad group 1,how to get rid of back acne,EXACT,0,0,0.0,0.0,0.0,0.0,0.0
"May 5, Leads-Search-2",Ad group 1,electrolysis hair removal,EXACT,0,0,0.0,0.0,0.0,0.0,0.0
"May 5, Leads-Search-2",Ad group 1,facial hair removal for men,EXACT,0,0,0.0,0.0,0.0,0.0,0.0
"May 5, Leads-Search-2",Ad group 1,hair removal electrolysis,EXACT,0,0,0.0,0.0,0.0,0.0,0.0
"May 5, Leads-Search-2",Ad group 1,yag laser hair removal,BROAD,0,0,0.0,0.0,0.0,0.0,0.0
"May 5, Leads-Search-2",Ad group 1,permanent hair removal cost,BROAD,0,0,0.0,0.0,0.0,0.0,0.0
"May 5, Leads-Search-2",Ad group 1,chin hair removal,BROAD,1,0,0.0,0.0,0.0,0.0,0.0
"May 5, Leads-Search-2",Ad group 1,bikini line laser hair removal,BROAD,12,0,0.0,0.0,0.0,0.0,0.0
"May 5, Leads-Search-2",Ad group 1,esthetician,EXACT,0,0,0.0,0.0,0.0,0.0,0.0
"May 5, Leads-Search-2",Ad group 1,body hair removal men,EXACT,0,0,0.0,0.0,0.0,0.0,0.0
"May 5, Leads-Search-2",Ad group 1,body sugaring,EXACT,0,0,0.0,0.0,0.0,0.0,0.0
"May 5, Leads-Search-2",Ad group 1,ideal image laser hair removal,BROAD,0,0,0.0,0.0,0.0,0.0,0.0
"May 5, Leads-Search-2",Ad group 1,how to get clear skin,EXACT,0,0,0.0,0.0,0.0,0.0,0.0
"May 5, Leads-Search-2",Ad group 1,laser hair removal chin,BROAD,1,0,0.0,0.0,0.0,0.0,0.0
"May 5, Leads-Search-2",Ad group 1,upper lip laser hair removal,BROAD,0,0,0.0,0.0,0.0,0.0,0.0
"May 5, Leads-Search-2",Ad group 1,hair removal at home,EXACT,0,0,0.0,0.0,0.0,0.0,0.0
"May 5, Leads-Search-2",Ad group 1,permanent underarm hair removal,BROAD,0,0,0.0,0.0,0.0,0.0,0.0
"May 5, Leads-Search-2",Ad group 1,full body wax,EXACT,0,0,0.0,0.0,0.0,0.0,0.0
"May 5, Leads-Search-2",Ad group 1,permanent leg hair removal,BROAD,0,0,0.0,0.0,0.0,0.0,0.0
"May 5, Leads-Search-2",Ad group 1,brazilian laser,BROAD,7,0,0.0,0.0,0.0,0.0,0.0
"May 5, Leads-Search-2",Ad group 1,laser hair removal face cost,BROAD,0,0,0.0,0.0,0.0,0.0,0.0
"May 5, Leads-Search-2",Ad group 1,laser hair removal price list,BROAD,7,0,0.0,0.0,0.0,0.0,0.0
"May 5, Leads-Search-2",Ad group 1,laser hair removal legs cost,BROAD,1,0,0.0,0.0,0.0,0.0,0.0
"May 5, Leads-Search-2",Ad group 1,laser hair removal chin cost,BROAD,10,0,0.0,0.0,0.0,0.0,0.0
"May 5, Leads-Search-2",Ad group 1,hollywood wax,EXACT,0,0,0.0,0.0,0.0,0.0,0.0
"May 5, Leads-Search-2",Ad group 1,face waxing,EXACT,0,0,0.0,0.0,0.0,0.0,0.0
"May 5, Leads-Search-2",Ad group 1,electrolysis hair removal cost,EXACT,0,0,0.0,0.0,0.0,0.0,0.0
"May 5, Leads-Search-2",Ad group 1,how much does electrolysis cost,EXACT,0,0,0.0,0.0,0.0,0.0,0.0
"May 5, Leads-Search-2",Ad group 1,permanent chin hair removal,BROAD,0,0,0.0,0.0,0.0,0.0,0.0
"May 5, Leads-Search-2",Ad group 1,electrolysis for hair removal,EXACT,0,0,0.0,0.0,0.0,0.0,0.0
"May 5, Leads-Search-2",Ad group 1,permanent bikini hair removal,BROAD,1,0,0.0,0.0,0.0,0.0,0.0
"May 5, Leads-Search-2",Ad group 1,bikini laser hair removal cost,BROAD,8,0,0.0,0.0,0.0,0.0,0.0
"May 5, Leads-Search-2",Ad group 1,best facial hair removal for women,EXACT,0,0,0.0,0.0,0.0,0.0,0.0
"May 5, Leads-Search-2",Ad group 1,eminence facial,EXACT,0,0,0.0,0.0,0.0,0.0,0.0
"May 5, Leads-Search-2",Ad group 1,whole body laser hair removal,BROAD,1,0,0.0,0.0,0.0,0.0,0.0
"May 5, Leads-Search-2",Ad group 1,top laser hair removal,BROAD,4,0,0.0,0.0,0.0,0.0,0.0
"May 5, Leads-Search-2",Ad group 1,best hair removal for face,BROAD,0,0,0.0,0.0,0.0,0.0,0.0
"May 5, Leads-Search-2",Ad group 1,full body hair removal cost,BROAD,4,0,0.0,0.0,0.0,0.0,0.0
"May 5, Leads-Search-2",Ad group 1,hair removal laser treatment cost,BROAD,38,0,0.0,0.0,0.0,0.0,0.0
"May 5, Leads-Search-2",Ad group 1,beauty salons near me,EXACT,0,0,0.0,0.0,0.0,0.0,0.0
"May 5, Leads-Search-2",Ad group 1,laser treatment for bikini area,BROAD,3,0,0.0,0.0,0.0,0.0,0.0
"May 5, Leads-Search-2",Ad group 1,brazilian wax near me,EXACT,0,0,0.0,0.0,0.0,0.0,0.0
"May 5, Leads-Search-2",Ad group 1,brazilian wax tutorial,EXACT,0,0,0.0,0.0,0.0,0.0,0.0
"May 5, Leads-Search-2",Ad group 1,eyebrow waxing near me,EXACT,0,0,0.0,0.0,0.0,0.0,0.0
"May 5, Leads-Search-2",Ad group 1,eyebrow threading near me,EXACT,0,0,0.0,0.0,0.0,0.0,0.0
"May 5, Leads-Search-2",Ad group 1,full laser hair removal cost,BROAD,0,0,0.0,0.0,0.0,0.0,0.0
"May 5, Leads-Search-2",Ad group 1,brazilian waxing near me,EXACT,0,0,0.0,0.0,0.0,0.0,0.0
"May 5, Leads-Search-2",Ad group 1,bikini wax near me,EXACT,0,0,0.0,0.0,0.0,0.0,0.0
"May 5, Leads-Search-2",Ad group 1,facial near me,EXACT,0,0,0.0,0.0,0.0,0.0,0.0
"May 5, Leads-Search-2",Ad group 1,facial treatment near me,EXACT,0,0,0.0,0.0,0.0,0.0,0.0
"May 5, Leads-Search-2",Ad group 1,electrolysis near me,EXACT,0,0,0.0,0.0,0.0,0.0,0.0
"May 5, Leads-Search-2",Ad group 1,permanent hair removal near me,BROAD,0,0,0.0,0.0,0.0,0.0,0.0
"May 5, Leads-Search-2",Ad group 1,brazilian body wax,EXACT,0,0,0.0,0.0,0.0,0.0,0.0
"May 5, Leads-Search-2",Ad group 1,facial salon,EXACT,0,0,0.0,0.0,0.0,0.0,0.0
"May 5, Leads-Search-2",Ad group 1,fda approved laser hair removal,BROAD,0,0,0.0,0.0,0.0,0.0,0.0
"May 5, Leads-Search-2",Ad group 1,best laser hair removal near me,BROAD,0,0,0.0,0.0,0.0,0.0,0.0
"May 5, Leads-Search-2",Ad group 1,laser hair removal centers near me,BROAD,3,0,0.0,0.0,0.0,0.0,0.0
"May 5, Leads-Search-2",Ad group 1,local laser hair removal clinics,BROAD,1,0,0.0,0.0,0.0,0.0,0.0
"May 5, Leads-Search-2",Ad group 1,permanent laser hair removal near me,BROAD,1,0,0.0,0.0,0.0,0.0,0.0
"May 5, Leads-Search-2",Ad group 1,permanent pubic hair removal,BROAD,2,0,0.0,0.0,0.0,0.0,0.0
"May 5, Leads-Search-2",Ad group 1,beauty rewind,EXACT,0,0,0.0,0.0,0.0,0.0,0.0
"May 5, Leads-Search-2",Ad group 1,laser brazilian cost,BROAD,0,0,0.0,0.0,0.0,0.0,0.0
"May 5, Leads-Search-2",Ad group 1,best price laser hair removal,BROAD,40,0,0.0,0.0,0.0,0.0,0.0
"May 5, Leads-Search-2",Ad group 1,average price for laser hair removal,BROAD,3,0,0.0,0.0,0.0,0.0,0.0
"May 5, Leads-Search-2",Ad group 1,full leg laser hair removal cost,BROAD,0,0,0.0,0.0,0.0,0.0,0.0
"May 5, Leads-Search-2",Ad group 1,laser hair removal lip cost,BROAD,0,0,0.0,0.0,0.0,0.0,0.0
"May 5, Leads-Search-2",Ad group 1,bikini line laser,BROAD,1,0,0.0,0.0,0.0,0.0,0.0
"May 5, Leads-Search-2",Ad group 1,whole body laser hair removal cost,BROAD,24,0,0.0,0.0,0.0,0.0,0.0
"May 5, Leads-Search-2",Ad group 1,facial hair removal treatment,EXACT,0,0,0.0,0.0,0.0,0.0,0.0
"May 5, Leads-Search-2",Ad group 1,hair removal places near me,BROAD,4,0,0.0,0.0,0.0,0.0,0.0
"May 5, Leads-Search-2",Ad group 1,full bikini laser hair removal,BROAD,0,0,0.0,0.0,0.0,0.0,0.0
"May 5, Leads-Search-2",Ad group 1,full leg laser hair removal,BROAD,0,0,0.0,0.0,0.0,0.0,0.0
"May 5, Leads-Search-2",Ad group 1,laser hair removal pubic,BROAD,10,0,0.0,0.0,0.0,0.0,0.0
"May 5, Leads-Search-2",Ad group 1,face spa near me,EXACT,0,0,0.0,0.0,0.0,0.0,0.0
"May 5, Leads-Search-2",Ad group 1,lip laser hair removal,BROAD,0,0,0.0,0.0,0.0,0.0,0.0
"May 5, Leads-Search-2",Ad group 1,full brazilian laser hair removal,BROAD,5,0,0.0,0.0,0.0,0.0,0.0
"May 5, Leads-Search-2",Ad group 1,laser hair removal cost near me,BROAD,0,0,0.0,0.0,0.0,0.0,0.0
"May 5, Leads-Search-2",Ad group 1,pain free laser hair removal,BROAD,0,0,0.0,0.0,0.0,0.0,0.0
"May 5, Leads-Search-2",Ad group 1,bellavera,EXACT,0,0,0.0,0.0,0.0,0.0,0.0
"May 5, Leads-Search-2",Ad group 1,armpit laser hair removal,BROAD,2,0,0.0,0.0,0.0,0.0,0.0
"May 5, Leads-Search-2",Ad group 1,laser for legs,BROAD,0,0,0.0,0.0,0.0,0.0,0.0
"May 5, Leads-Search-2",Ad group 1,best treatment for wrinkles around mouth,EXACT,0,0,0.0,0.0,0.0,0.0,0.0
"May 5, Leads-Search-2",Ad group 1,laser leg hair removal near me,BROAD,0,0,0.0,0.0,0.0,0.0,0.0
"May 5, Leads-Search-2",Ad group 1,facial cleaning,EXACT,0,0,0.0,0.0,0.0,0.0,0.0
"May 5, Leads-Search-2",Ad group 1,beautiful you,EXACT,0,0,0.0,0.0,0.0,0.0,0.0
"May 5, Leads-Search-2",Ad group 1,beauty clinics near me,EXACT,0,0,0.0,0.0,0.0,0.0,0.0
"May 5, Leads-Search-2",Ad group 1,bare beauty,EXACT,0,0,0.0,0.0,0.0,0.0,0.0
"May 5, Leads-Search-2",Ad group 1,electrologist,EXACT,0,0,0.0,0.0,0.0,0.0,0.0
"May 5, Leads-Search-2",Ad group 1,how much is a chemical peel,EXACT,0,0,0.0,0.0,0.0,0.0,0.0
"May 5, Leads-Search-2",Ad group 1,electrolysis eyebrows,EXACT,0,0,0.0,0.0,0.0,0.0,0.0
"May 5, Leads-Search-2",Ad group 1,gentlemax pro laser,EXACT,0,0,0.0,0.0,0.0,0.0,0.0
"May 5, Leads-Search-2",Ad group 1,esthetician near me,EXACT,0,0,0.0,0.0,0.0,0.0,0.0
"May 5, Leads-Search-2",Ad group 1,facial hair laser,EXACT,0,0,0.0,0.0,0.0,0.0,0.0
"May 5, Leads-Search-2",Ad group 1,diamond facial,EXACT,0,0,0.0,0.0,0.0,0.0,0.0
"May 5, Leads-Search-2",Ad group 1,beauty beauty,EXACT,0,0,0.0,0.0,0.0,0.0,0.0
"May 5, Leads-Search-2",Ad group 1,how to do bikini wax,EXACT,0,0,0.0,0.0,0.0,0.0,0.0
"May 5, Leads-Search-2",Ad group 1,best way to get rid of upper lip hair,EXACT,0,0,0.0,0.0,0.0,0.0,0.0
"May 5, Leads-Search-2",Ad group 1,1064 nd yag laser,EXACT,0,0,0.0,0.0,0.0,0.0,0.0
"May 5, Leads-Search-2",Ad group 1,facial wax hair removal,EXACT,0,0,0.0,0.0,0.0,0.0,0.0
"May 5, Leads-Search-2",Ad group 1,waxing hair removal service near me,EXACT,0,0,0.0,0.0,0.0,0.0,0.0
"May 5, Leads-Search-2",Ad group 1,womens laser hair removal,BROAD,0,0,0.0,0.0,0.0,0.0,0.0
"May 5, Leads-Search-2",Ad group 1,hair removal clinic near me,BROAD,53,0,0.0,0.0,0.0,0.0,0.0
"May 5, Leads-Search-2",Ad group 1,dermatology near me,EXACT,0,0,0.0,0.0,0.0,0.0,0.0
"May 5, Leads-Search-2",Ad group 1,body treatments near me,EXACT,0,0,0.0,0.0,0.0,0.0,0.0
"May 5, Leads-Search-2",Ad group 1,dr soong,EXACT,0,0,0.0,0.0,0.0,0.0,0.0
"May 5, Leads-Search-2",Ad group 1,beauty lab,EXACT,0,0,0.0,0.0,0.0,0.0,0.0
"May 5, Leads-Search-2",Ad group 1,facial salons near me,EXACT,0,0,0.0,0.0,0.0,0.0,0.0
"May 5, Leads-Search-2",Ad group 1,how much is ipl treatment,EXACT,0,0,0.0,0.0,0.0,0.0,0.0
"May 5, Leads-Search-2",Ad group 1,bikini waxing videos,EXACT,0,0,0.0,0.0,0.0,0.0,0.0
"May 5, Leads-Search-2",Ad group 1,how to remove tan from face,EXACT,0,0,0.0,0.0,0.0,0.0,0.0
"May 5, Leads-Search-2",Ad group 1,bare wax studio,EXACT,0,0,0.0,0.0,0.0,0.0,0.0
"May 5, Leads-Search-2",Ad group 1,diode hair removal laser,EXACT,0,0,0.0,0.0,0.0,0.0,0.0
"May 5, Leads-Search-2",Ad group 1,bare spa,EXACT,0,0,0.0,0.0,0.0,0.0,0.0
"May 5, Leads-Search-2",Ad group 1,hair removal for women's face,BROAD,0,0,0.0,0.0,0.0,0.0,0.0
"May 5, Leads-Search-2",Ad group 1,electro epilation,EXACT,0,0,0.0,0.0,0.0,0.0,0.0
"May 5, Leads-Search-2",Ad group 1,yag laser hair removal near me,BROAD,0,0,0.0,0.0,0.0,0.0,0.0
"May 5, Leads-Search-2",Ad group 1,upper lip laser,BROAD,0,0,0.0,0.0,0.0,0.0,0.0
"May 5, Leads-Search-2",Ad group 1,extraction facial,EXACT,0,0,0.0,0.0,0.0,0.0,0.0
"May 5, Leads-Search-2",Ad group 1,side effects of laser hair removal on bikini area,BROAD,0,0,0.0,0.0,0.0,0.0,0.0
"May 5, Leads-Search-2",Ad group 1,edmonton waxing,EXACT,0,0,0.0,0.0,0.0,0.0,0.0
"May 5, Leads-Search-2",Ad group 1,best body treatments,EXACT,0,0,0.0,0.0,0.0,0.0,0.0
"May 5, Leads-Search-2",Ad group 1,average cost of laser hair removal brazilian,BROAD,0,0,0.0,0.0,0.0,0.0,0.0
"May 5, Leads-Search-2",Ad group 1,bikini line laser hair removal cost,BROAD,0,0,0.0,0.0,0.0,0.0,0.0
"May 5, Leads-Search-2",Ad group 1,bare waxing,EXACT,0,0,0.0,0.0,0.0,0.0,0.0
"May 5, Leads-Search-2",Ad group 1,hair removal permanent treatment,BROAD,27,0,0.0,0.0,0.0,0.0,0.0
"May 5, Leads-Search-2",Ad group 1,gentle max pro,EXACT,0,0,0.0,0.0,0.0,0.0,0.0
"May 5, Leads-Search-2",Ad group 1,underarm laser hair removal near me,BROAD,0,0,0.0,0.0,0.0,0.0,0.0
"May 5, Leads-Search-2",Ad group 1,facial spa edmonton,EXACT,0,0,0.0,0.0,0.0,0.0,0.0
"May 5, Leads-Search-2",Ad group 1,brazilian wax edmonton,EXACT,0,0,0.0,0.0,0.0,0.0,0.0
"May 5, Leads-Search-2",Ad group 1,brazilian waxing edmonton,EXACT,0,0,0.0,0.0,0.0,0.0,0.0
"May 5, Leads-Search-2",Ad group 1,bliss med spa,EXACT,0,0,0.0,0.0,0.0,0.0,0.0
"May 5, Leads-Search-2",Ad group 1,smoothskin hair removal,BROAD,0,0,0.0,0.0,0.0,0.0,0.0
"May 5, Leads-Search-2",Ad group 1,body bar laser clinic,EXACT,0,0,0.0,0.0,0.0,0.0,0.0
"May 5, Leads-Search-2",Ad group 1,edmonton microdermabrasion,EXACT,0,0,0.0,0.0,0.0,0.0,0.0
"May 5, Leads-Search-2",Ad group 1,full body wax edmonton,EXACT,0,0,0.0,0.0,0.0,0.0,0.0
"May 5, Leads-Search-2",Ad group 1,bikini wax brazilian,EXACT,0,0,0.0,0.0,0.0,0.0,0.0
"May 5, Leads-Search-2",Ad group 1,fraxel laser edmonton,EXACT,0,0,0.0,0.0,0.0,0.0,0.0
"May 5, Leads-Search-2",Ad group 1,painless laser hair removal near me,BROAD,18,0,0.0,0.0,0.0,0.0,0.0
"May 5, Leads-Search-2",Ad group 1,best permanent facial hair removal,BROAD,55,0,0.0,0.0,0.0,0.0,0.0
"May 5, Leads-Search-2",Ad group 1,face hair removal treatment,BROAD,44,0,0.0,0.0,0.0,0.0,0.0
"May 5, Leads-Search-2",Ad group 1,hair removal from face,BROAD,0,0,0.0,0.0,0.0,0.0,0.0
"May 5, Leads-Search-2",Ad group 1,electrolysis edmonton,EXACT,0,0,0.0,0.0,0.0,0.0,0.0
"May 5, Leads-Search-2",Ad group 1,fix your face,EXACT,0,0,0.0,0.0,0.0,0.0,0.0
"May 5, Leads-Search-2",Ad group 1,full service salon and spa near me,EXACT,0,0,0.0,0.0,0.0,0.0,0.0
"May 5, Leads-Search-2",Ad group 1,hirsutism hair removal,EXACT,0,0,0.0,0.0,0.0,0.0,0.0
"May 5, Leads-Search-2",Ad group 1,affordable laser hair removal near me,BROAD,8,0,0.0,0.0,0.0,0.0,0.0
"May 5, Leads-Search-2",Ad group 1,electrolysis edmonton cost,EXACT,0,0,0.0,0.0,0.0,0.0,0.0
"May 5, Leads-Search-2",Ad group 1,epilator face,EXACT,0,0,0.0,0.0,0.0,0.0,0.0
"May 5, Leads-Search-2",Ad group 1,edmonton facial spa,EXACT,0,0,0.0,0.0,0.0,0.0,0.0
"May 5, Leads-Search-2",Ad group 1,esthetician edmonton,EXACT,0,0,0.0,0.0,0.0,0.0,0.0
"May 5, Leads-Search-2",Ad group 1,half leg waxing,EXACT,0,0,0.0,0.0,0.0,0.0,0.0
"May 5, Leads-Search-2",Ad group 1,dr taher edmonton,EXACT,0,0,0.0,0.0,0.0,0.0,0.0
"May 5, Leads-Search-2",Ad group 1,laser hair removal specials near me,BROAD,1,0,0.0,0.0,0.0,0.0,0.0
"May 5, Leads-Search-2",Ad group 1,edmonton dermatology,EXACT,0,0,0.0,0.0,0.0,0.0,0.0
"May 5, Leads-Search-2",Ad group 1,bare beauty clinic,EXACT,0,0,0.0,0.0,0.0,0.0,0.0
"May 5, Leads-Search-2",Ad group 1,edmonton electrolysis,EXACT,0,0,0.0,0.0,0.0,0.0,0.0
"May 5, Leads-Search-2",Ad group 1,brazilian waxing men,EXACT,0,0,0.0,0.0,0.0,0.0,0.0
"May 5, Leads-Search-2",Ad group 1,hairline laser removal,EXACT,0,0,0.0,0.0,0.0,0.0,0.0
"May 5, Leads-Search-2",Ad group 1,best facial edmonton,EXACT,0,0,0.0,0.0,0.0,0.0,0.0
"May 5, Leads-Search-2",Ad group 1,bikini wax edmonton,EXACT,0,0,0.0,0.0,0.0,0.0,0.0
"May 5, Leads-Search-2",Ad group 1,edmonton electrolysis hair removal,EXACT,0,0,0.0,0.0,0.0,0.0,0.0
"May 5, Leads-Search-2",Ad group 1,edmonton wax,EXACT,0,0,0.0,0.0,0.0,0.0,0.0
"May 5, Leads-Search-2",Ad group 1,best place for laser hair removal near me,BROAD,0,0,0.0,0.0,0.0,0.0,0.0
"May 5, Leads-Search-2",Ad group 1,electrologists,EXACT,0,0,0.0,0.0,0.0,0.0,0.0
"May 5, Leads-Search-2",Ad group 1,back hair removal near me,BROAD,0,0,0.0,0.0,0.0,0.0,0.0
"May 5, Leads-Search-2",Ad group 1,eyebrow waxing edmonton,EXACT,0,0,0.0,0.0,0.0,0.0,0.0
"May 5, Leads-Search-2",Ad group 1,ingrown hair removal near me,BROAD,15,0,0.0,0.0,0.0,0.0,0.0
"May 5, Leads-Search-2",Ad group 1,edmonton dermatologists,EXACT,0,0,0.0,0.0,0.0,0.0,0.0
"May 5, Leads-Search-2",Ad group 1,flawless clinic,EXACT,0,0,0.0,0.0,0.0,0.0,0.0
"May 5, Leads-Search-2",Ad group 1,laser ear hair removal near me,BROAD,1,0,0.0,0.0,0.0,0.0,0.0
"May 5, Leads-Search-2",Ad group 1,laser hair removal services near me,BROAD,6,0,0.0,0.0,0.0,0.0,0.0
"May 5, Leads-Search-2",Ad group 1,cheap laser hair removal edmonton,EXACT,0,0,0.0,0.0,0.0,0.0,0.0
"May 5, Leads-Search-2",Ad group 1,avana laser hair removal,EXACT,0,0,0.0,0.0,0.0,0.0,0.0
"May 5, Leads-Search-2",Ad group 1,beauty rewind edmonton,EXACT,0,0,0.0,0.0,0.0,0.0,0.0
"May 5, Leads-Search-2",Ad group 1,best waxing edmonton,EXACT,0,0,0.0,0.0,0.0,0.0,0.0
"May 5, Leads-Search-2",Ad group 1,eyebrow threading edmonton,EXACT,0,0,0.0,0.0,0.0,0.0,0.0
"May 5, Leads-Search-2",Ad group 1,under arm laser,BROAD,0,0,0.0,0.0,0.0,0.0,0.0
"May 5, Leads-Search-2",Ad group 1,laser hair removal packages near me,BROAD,4,0,0.0,0.0,0.0,0.0,0.0
"May 5, Leads-Search-2",Ad group 1,best skin care clinic near me,EXACT,0,0,0.0,0.0,0.0,0.0,0.0
"May 5, Leads-Search-2",Ad group 1,electrolysis head hair removal,EXACT,0,0,0.0,0.0,0.0,0.0,0.0
"May 5, Leads-Search-2",Ad group 1,ice laser hair removal near me,BROAD,1,0,0.0,0.0,0.0,0.0,0.0
"May 5, Leads-Search-2",Ad group 1,how to glow up,EXACT,0,0,0.0,0.0,0.0,0.0,0.0
"May 5, Leads-Search-2",Ad group 1,how much is laser treatment for rosacea,EXACT,0,0,0.0,0.0,0.0,0.0,0.0
"May 5, Leads-Search-2",Ad group 1,how much is electrolysis for face,EXACT,0,0,0.0,0.0,0.0,0.0,0.0
"May 5, Leads-Search-2",Ad group 1,electrolysis ingrown hair removal,EXACT,0,0,0.0,0.0,0.0,0.0,0.0
"May 5, Leads-Search-2",Ad group 1,dr nakatsui edmonton,EXACT,0,0,0.0,0.0,0.0,0.0,0.0
"May 5, Leads-Search-2",Ad group 1,dmk treatment near me,EXACT,0,0,0.0,0.0,0.0,0.0,0.0
"May 5, Leads-Search-2",Ad group 1,full body laser price,EXACT,0,0,0.0,0.0,0.0,0.0,0.0
"May 5, Leads-Search-2",Ad group 1,how much does it cost to wax legs,EXACT,0,0,0.0,0.0,0.0,0.0,0.0
"May 5, Leads-Search-2",Ad group 1,men's brazilian laser hair removal,EXACT,0,0,0.0,0.0,0.0,0.0,0.0
"May 5, Leads-Search-2",Ad group 1,facial edmonton,EXACT,0,0,0.0,0.0,0.0,0.0,0.0
"May 5, Leads-Search-2",Ad group 1,laser hair removal near me deals,BROAD,0,0,0.0,0.0,0.0,0.0,0.0
"May 5, Leads-Search-2",Ad group 1,laser hair removal bikini area near me,BROAD,0,0,0.0,0.0,0.0,0.0,0.0
"May 5, Leads-Search-2",Ad group 1,full face laser hair removal near me,BROAD,0,0,0.0,0.0,0.0,0.0,0.0
"May 5, Leads-Search-2",Ad group 1,glowmedspa,EXACT,0,0,0.0,0.0,0.0,0.0,0.0
"May 5, Leads-Search-2",Ad group 1,bare skin med spa,EXACT,0,0,0.0,0.0,0.0,0.0,0.0
"May 5, Leads-Search-2",Ad group 1,blossom2,EXACT,0,0,0.0,0.0,0.0,0.0,0.0
"May 5, Leads-Search-2",Ad group 1,bb glow facial,EXACT,0,0,0.0,0.0,0.0,0.0,0.0
"May 5, Leads-Search-2",Ad group 1,full body laser hair removal cost near me,BROAD,0,0,0.0,0.0,0.0,0.0,0.0
"May 5, Leads-Search-2",Ad group 1,faces skin clinic,EXACT,0,0,0.0,0.0,0.0,0.0,0.0
"May 5, Leads-Search-2",Ad group 1,brow waxing edmonton,EXACT,0,0,0.0,0.0,0.0,0.0,0.0
"May 5, Leads-Search-2",Ad group 1,edmonton waxing services,EXACT,0,0,0.0,0.0,0.0,0.0,0.0
"May 5, Leads-Search-2",Ad group 1,elite medi spa,EXACT,0,0,0.0,0.0,0.0,0.0,0.0
"May 5, Leads-Search-2",Ad group 1,body laser near me,BROAD,0,0,0.0,0.0,0.0,0.0,0.0
"May 5, Leads-Search-2",Ad group 1,aesthetic clinic edmonton,EXACT,0,0,0.0,0.0,0.0,0.0,0.0
"May 5, Leads-Search-2",Ad group 1,diode laser near me,EXACT,0,0,0.0,0.0,0.0,0.0,0.0
"May 5, Leads-Search-2",Ad group 1,glow skin laser,EXACT,0,0,0.0,0.0,0.0,0.0,0.0
"May 5, Leads-Search-2",Ad group 1,best brazilian wax edmonton,EXACT,0,0,0.0,0.0,0.0,0.0,0.0
"May 5, Leads-Search-2",Ad group 1,how much is a chemical peel near me,EXACT,0,0,0.0,0.0,0.0,0.0,0.0
"May 5, Leads-Search-2",Ad group 1,medical laser hair removal near me,BROAD,17,0,0.0,0.0,0.0,0.0,0.0
"May 5, Leads-Search-2",Ad group 1,edmonton hydrafacial,EXACT,0,0,0.0,0.0,0.0,0.0,0.0
"May 5, Leads-Search-2",Ad group 1,facial discounts near me,EXACT,0,0,0.0,0.0,0.0,0.0,0.0
"May 5, Leads-Search-2",Ad group 1,facial st albert,EXACT,0,0,0.0,0.0,0.0,0.0,0.0
"May 5, Leads-Search-2",Ad group 1,facial near me near me,EXACT,0,0,0.0,0.0,0.0,0.0,0.0
"May 5, Leads-Search-2",Ad group 1,facial west edmonton,EXACT,0,0,0.0,0.0,0.0,0.0,0.0
"May 5, Leads-Search-2",Ad group 1,brazilian sugaring edmonton,EXACT,0,0,0.0,0.0,0.0,0.0,0.0
"May 5, Leads-Search-2",Ad group 1,edmonton microneedling,EXACT,0,0,0.0,0.0,0.0,0.0,0.0
"May 5, Leads-Search-2",Ad group 1,edmonton sugaring,EXACT,0,0,0.0,0.0,0.0,0.0,0.0
"May 5, Leads-Search-2",Ad group 1,back facial edmonton,EXACT,0,0,0.0,0.0,0.0,0.0,0.0
"May 5, Leads-Search-2",Ad group 1,full service salon spa,EXACT,0,0,0.0,0.0,0.0,0.0,0.0
"May 5, Leads-Search-2",Ad group 1,armpit whitening treatment near me,EXACT,0,0,0.0,0.0,0.0,0.0,0.0
"May 5, Leads-Search-2",Ad group 1,alberta dermasurgery centre,EXACT,0,0,0.0,0.0,0.0,0.0,0.0
"May 5, Leads-Search-2",Ad group 1,getting rid of dark spots on back,EXACT,0,0,0.0,0.0,0.0,0.0,0.0
"May 5, Leads-Search-2",Ad group 1,facial hair laser near me,BROAD,0,0,0.0,0.0,0.0,0.0,0.0
"May 5, Leads-Search-2",Ad group 1,brazilian wax edmonton south,EXACT,0,0,0.0,0.0,0.0,0.0,0.0
"May 5, Leads-Search-2",Ad group 1,facial hair removal for teens,EXACT,0,0,0.0,0.0,0.0,0.0,0.0
"May 5, Leads-Search-2",Ad group 1,edmonton dermatology clinic,EXACT,0,0,0.0,0.0,0.0,0.0,0.0
"May 5, Leads-Search-2",Ad group 1,envision medical spa leduc,EXACT,0,0,0.0,0.0,0.0,0.0,0.0
"May 5, Leads-Search-2",Ad group 1,brazilian wax spruce grove,EXACT,0,0,0.0,0.0,0.0,0.0,0.0
"May 5, Leads-Search-2",Ad group 1,brazilian wax west edmonton,EXACT,0,0,0.0,0.0,0.0,0.0,0.0
"May 5, Leads-Search-2",Ad group 1,albany laser clinic edmonton,EXACT,0,0,0.0,0.0,0.0,0.0,0.0
"May 5, Leads-Search-2",Ad group 1,laser hair removal near me dark skin,BROAD,0,0,0.0,0.0,0.0,0.0,0.0
"May 5, Leads-Search-2",Ad group 1,forever young edmonton,EXACT,0,0,0.0,0.0,0.0,0.0,0.0
"May 5, Leads-Search-2",Ad group 1,bare body boutique,EXACT,0,0,0.0,0.0,0.0,0.0,0.0
"May 5, Leads-Search-2",Ad group 1,glow skin med spa,EXACT,0,0,0.0,0.0,0.0,0.0,0.0
"May 5, Leads-Search-2",Ad group 1,glow up for summer,EXACT,0,0,0.0,0.0,0.0,0.0,0.0
"May 5, Leads-Search-2",Ad group 1,face par daag dhabbe kaise hataye,EXACT,0,0,0.0,0.0,0.0,0.0,0.0
"May 5, Leads-Search-2",Ad group 1,bbl laser edmonton,EXACT,0,0,0.0,0.0,0.0,0.0,0.0
"May 5, Leads-Search-2",Ad group 1,bare wax edmonton,EXACT,0,0,0.0,0.0,0.0,0.0,0.0
"May 5, Leads-Search-2",Ad group 1,edmonton services health and beauty massage services,EXACT,0,0,0.0,0.0,0.0,0.0,0.0
"May 5, Leads-Search-2",Ad group 1,edmonton laser skin treatment,EXACT,0,0,0.0,0.0,0.0,0.0,0.0
"May 5, Leads-Search-2",Ad group 1,edmonton services health and beauty health and beauty services,EXACT,0,0,0.0,0.0,0.0,0.0,0.0
"May 5, Leads-Search-2",Ad group 1,edmonton services health and beauty,EXACT,0,0,0.0,0.0,0.0,0.0,0.0
"May 5, Leads-Search-2",Ad group 1,brazilian bikini waxing tutorial,EXACT,0,0,0.0,0.0,0.0,0.0,0.0
"May 5, Leads-Search-2",Ad group 1,brazilian waxing bikini wax,EXACT,0,0,0.0,0.0,0.0,0.0,0.0
"May 5, Leads-Search-2",Ad group 1,evergreen cosmetic edmonton,EXACT,0,0,0.0,0.0,0.0,0.0,0.0
"May 5, Leads-Search-2",Ad group 1,beauty salons & consultants edmonton,EXACT,0,0,0.0,0.0,0.0,0.0,0.0
"May 5, Leads-Search-2",Ad group 1,bliss medi spa edmonton,EXACT,0,0,0.0,0.0,0.0,0.0,0.0
"May 5, Leads-Search-2",Ad group 1,glamour skin and wellness spa millwoods,EXACT,0,0,0.0,0.0,0.0,0.0,0.0
"May 5, Leads-Search-2",Ad group 1,evolution electrolysis,EXACT,0,0,0.0,0.0,0.0,0.0,0.0
"May 5, Leads-Search-2",Ad group 1,ava aesthetic studio,EXACT,0,0,0.0,0.0,0.0,0.0,0.0
"May 5, Leads-Search-2",Ad group 1,brazilian wax for men edmonton,EXACT,0,0,0.0,0.0,0.0,0.0,0.0
"May 5, Leads-Search-2",Ad group 1,glow skin laser edmonton,EXACT,0,0,0.0,0.0,0.0,0.0,0.0
"May 5, Leads-Search-2",Ad group 1,laser hair removal yeg,BROAD,9,0,0.0,0.0,0.0,0.0,0.0
"May 5, Leads-Search-2",Ad group 1,#1 laser studio,BROAD,31,0,0.0,0.0,0.0,0.0,0.0
"May 5, Leads-Search-2",Ad group 1,glyf spa studio,EXACT,0,0,0.0,0.0,0.0,0.0,0.0
"May 5, Leads-Search-2",Ad group 1,homemade face wax with sugar,EXACT,0,0,0.0,0.0,0.0,0.0,0.0
"May 5, Leads-Search-2",Ad group 1,glamour skin and wellness spa,EXACT,0,0,0.0,0.0,0.0,0.0,0.0
"May 5, Leads-Search-2",Ad group 1,bare wax & beauty bar 107 avenue northwest edmonton ab,EXACT,0,0,0.0,0.0,0.0,0.0,0.0
"May 5, Leads-Search-2",Ad group 1,aerolase laser edmonton,EXACT,0,0,0.0,0.0,0.0,0.0,0.0
