campaign,status,date,impressions,clicks,cost,conversions,conversions_value,ctr,avg_cpc
"March 10, 2026-Leads,Performance Max",PAUSED,2026-04-10,5101,53,5.378704,38.993482,0.0,0.010390119584395216,0.10148498113207546
"March 10, 2026-Leads,Performance Max",PAUSED,2026-04-11,4217,57,6.91724,36.999699,0.0,0.013516718046004269,0.12135508771929825
"March 10, 2026-Leads,Performance Max",PAUSED,2026-04-12,3709,56,6.797096,49.99843,0.0,0.015098409274737126,0.1213767142857143
"March 10, 2026-Leads,Performance Max",PAUSED,2026-04-13,2044,42,5.171773,38.0,0.0,0.02054794520547945,0.12313745238095238
"March 10, 2026-Leads,Performance Max",PAUSED,2026-04-14,2819,41,5.733118,36.0,0.0,0.014544164597374955,0.1398321463414634
"March 10, 2026-Leads,Performance Max",PAUSED,2026-04-15,1724,43,5.761022,34.0,0.0,0.02494199535962877,0.1339772558139535
"March 10, 2026-Leads,Performance Max",PAUSED,2026-04-16,1566,36,4.019481,26.998846,0.0,0.022988505747126436,0.11165225
"March 10, 2026-Leads,Performance Max",PAUSED,2026-04-17,3670,39,4.645259,29.997886,0.0,0.010626702997275205,0.11910920512820512
"March 10, 2026-Leads,Performance Max",PAUSED,2026-04-18,1881,20,3.317551,14.606182,0.0,0.01063264221158958,0.16587754999999998
"March 10, 2026-Leads,Performance Max",PAUSED,2026-04-19,1939,45,7.571917,25.335641,0.0,0.02320783909231563,0.16826482222222222
"March 10, 2026-Leads,Performance Max",PAUSED,2026-04-20,2048,39,4.506329,28.662341,0.0,0.01904296875,0.11554689743589744
"March 10, 2026-Leads,Performance Max",PAUSED,2026-04-21,2111,47,5.933379,42.0,0.0,0.02226432970156324,0.12624210638297872
"March 10, 2026-Leads,Performance Max",PAUSED,2026-04-22,2620,55,6.335821,46.001119,0.0,0.02099236641221374,0.11519674545454545
"March 10, 2026-Leads,Performance Max",PAUSED,2026-04-23,30,3,0.050576,1.99808,0.0,0.1,0.016858666666666668
"March 10, 2026-Leads,Performance Max",PAUSED,2026-04-24,2326,68,11.355713,47.991687,0.0,0.029234737747205503,0.1669957794117647
"March 10, 2026-Leads,Performance Max",PAUSED,2026-04-25,3109,66,7.245846,54.005249,0.0,0.02122869089739466,0.10978554545454546
"March 10, 2026-Leads,Performance Max",PAUSED,2026-04-26,4784,73,9.630879,55.0,0.0,0.015259197324414716,0.1319298493150685
"March 10, 2026-Leads,Performance Max",PAUSED,2026-04-27,4908,72,8.647352,71.0,0.0,0.014669926650366748,0.1201021111111111
"March 10, 2026-Leads,Performance Max",PAUSED,2026-04-28,3946,75,7.410401,70.000608,0.0,0.01900658895083629,0.09880534666666667
"March 10, 2026-Leads,Performance Max",PAUSED,2026-04-29,2976,71,7.913727,63.0,0.0,0.02385752688172043,0.11146094366197183
"March 10, 2026-Leads,Performance Max",PAUSED,2026-04-30,3307,59,7.220342,46.0,0.0,0.017840943453280918,0.12237867796610169
"March 10, 2026-Leads,Performance Max",PAUSED,2026-05-01,4645,73,8.06348,64.500565,0.0,0.01571582346609257,0.11045863013698631
"March 10, 2026-Leads,Performance Max",PAUSED,2026-05-02,5034,73,8.150964,74.500566,0.0,0.014501390544298769,0.1116570410958904
"March 10, 2026-Leads,Performance Max",PAUSED,2026-05-03,4709,91,9.532646,84.0,0.0,0.019324697387980462,0.10475435164835165
"March 10, 2026-Leads,Performance Max",PAUSED,2026-05-04,4057,78,7.661461,61.000708,0.0,0.01922602908553118,0.09822385897435897
"March 10, 2026-Leads,Performance Max",PAUSED,2026-05-05,4306,82,8.842107,64.0,0.0,0.019043195541105434,0.1078305731707317
"March 10, 2026-Leads,Performance Max",PAUSED,2026-05-06,5658,82,8.570593,71.998905,0.0,0.014492753623188406,0.10451942682926829
"May 5, Leads-Search-2",PAUSED,2026-05-06,26,2,0.58,0.0,0.0,0.07692307692307693,0.29
"March 10, 2026-Leads,Performance Max",PAUSED,2026-05-07,3116,60,7.974125,64.0,0.0,0.019255455712451863,0.13290208333333334
"May 5, Leads-Search-2",PAUSED,2026-05-07,20,0,0.0,0.0,0.0,0.0,0.0
"March 10, 2026-Leads,Performance Max",PAUSED,2026-05-08,5828,62,6.807509,53.998836,0.0,0.010638297872340425,0.10979853225806452
"May 5, Leads-Search-2",PAUSED,2026-05-08,77,7,6.503335,0.0,0.0,0.09090909090909091,0.9290478571428572
"March 10, 2026-Leads,Performance Max",PAUSED,2026-05-09,6901,65,6.40039,57.997566,0.0,0.009418924793508187,0.09846753846153847
"May 5, Leads-Search-2",PAUSED,2026-05-09,145,9,6.990461,0.0,0.0,0.06206896551724138,0.7767178888888889
"March 10, 2026-Leads,Performance Max",PAUSED,2026-05-10,4636,83,8.970004,70.0,0.0,0.017903364969801553,0.1080723373493976
"May 5, Leads-Search-2",PAUSED,2026-05-10,95,2,1.099045,0.0,0.0,0.021052631578947368,0.5495225
"March 10, 2026-Leads,Performance Max",PAUSED,2026-05-11,5421,76,8.889721,71.104064,0.0,0.014019553587898912,0.11697001315789474
"May 5, Leads-Search-2",PAUSED,2026-05-11,144,6,6.91,0.0,0.0,0.041666666666666664,1.1516666666666668
"March 10, 2026-Leads,Performance Max",PAUSED,2026-05-12,2583,57,8.156764,41.000441,0.0,0.022067363530778164,0.14310112280701756
"May 5, Leads-Search-2",PAUSED,2026-05-12,203,9,6.995868,0.0,0.0,0.04433497536945813,0.7773186666666666
"March 10, 2026-Leads,Performance Max",PAUSED,2026-05-13,6705,58,6.96695,57.0,0.0,0.008650260999254289,0.1201198275862069
"May 5, Leads-Search-2",PAUSED,2026-05-13,221,7,4.049553,0.0,0.0,0.03167420814479638,0.5785075714285715
"March 10, 2026-Leads,Performance Max",PAUSED,2026-05-14,6374,78,7.622465,66.997913,0.0,0.012237213680577345,0.09772391025641025
"May 5, Leads-Search-2",PAUSED,2026-05-14,61,5,4.289664,0.0,0.0,0.08196721311475409,0.8579328
"March 10, 2026-Leads,Performance Max",PAUSED,2026-05-15,7113,95,10.115954,81.015761,0.0,0.013355827358357936,0.10648372631578948
"May 5, Leads-Search-2",PAUSED,2026-05-15,41,4,5.213205,0.0,0.0,0.0975609756097561,1.30330125
"March 10, 2026-Leads,Performance Max",PAUSED,2026-05-16,4321,91,9.00167,90.36351,0.0,0.021059939828743348,0.09891945054945055
"May 5, Leads-Search-2",PAUSED,2026-05-16,47,3,0.679312,0.0,0.0,0.06382978723404255,0.22643733333333335
"March 10, 2026-Leads,Performance Max",PAUSED,2026-05-17,5241,111,11.547397,90.996552,0.0,0.021179164281625643,0.10403060360360361
"May 5, Leads-Search-2",PAUSED,2026-05-17,27,2,0.35,0.0,0.0,0.07407407407407407,0.175
"March 10, 2026-Leads,Performance Max",PAUSED,2026-05-18,5255,101,9.508811,87.53166,0.0,0.019219790675547098,0.09414664356435644
"May 5, Leads-Search-2",PAUSED,2026-05-18,90,7,6.995576,0.0,0.0,0.07777777777777778,0.999368
"March 10, 2026-Leads,Performance Max",PAUSED,2026-05-19,2256,47,4.49339,40.985638,0.0,0.020833333333333332,0.09560404255319149
"May 5, Leads-Search-2",PAUSED,2026-05-19,113,5,3.216677,0.0,0.0,0.04424778761061947,0.6433354
"March 10, 2026-Leads,Performance Max",PAUSED,2026-05-20,119,3,0.200574,3.0,0.0,0.025210084033613446,0.066858
"May 5, Leads-Search-2",PAUSED,2026-05-20,73,6,5.145175,0.0,0.0,0.0821917808219178,0.8575291666666667
"May 5, Leads-Search-2",PAUSED,2026-05-21,74,2,2.36,0.0,0.0,0.02702702702702703,1.18
"May 5, Leads-Search-2",PAUSED,2026-05-22,46,2,0.6,0.0,0.0,0.043478260869565216,0.3
"May 5, Leads-Search-2",PAUSED,2026-05-23,92,2,2.625424,0.0,0.0,0.021739130434782608,1.312712
"May 5, Leads-Search-2",PAUSED,2026-05-24,87,2,2.0668,0.0,0.0,0.022988505747126436,1.0334
"May 5, Leads-Search-2",PAUSED,2026-05-25,326,4,5.45,0.0,0.0,0.012269938650306749,1.3625
"March 10, 2026-Leads,Performance Max",PAUSED,2026-05-26,515,25,16.372575,0.0,0.0,0.04854368932038835,0.654903
"May 5, Leads-Search-2",PAUSED,2026-05-26,180,9,10.0,0.0,0.0,0.05,1.111111111111111
"March 10, 2026-Leads,Performance Max",PAUSED,2026-05-27,2447,104,12.039678,0.0,0.0,0.0425010216591745,0.11576613461538461
"May 5, Leads-Search-2",PAUSED,2026-05-27,135,6,9.924697,0.0,0.0,0.044444444444444446,1.6541161666666668
"March 10, 2026-Leads,Performance Max",PAUSED,2026-05-28,1189,32,2.925563,0.0,0.0,0.02691337258200168,0.09142384375
"May 5, Leads-Search-2",PAUSED,2026-05-28,216,6,9.644708,0.0,0.0,0.027777777777777776,1.6074513333333333
"March 10, 2026-Leads,Performance Max",PAUSED,2026-05-29,3393,101,11.690111,0.0,0.0,0.02976716769820218,0.11574367326732674
"May 5, Leads-Search-2",PAUSED,2026-05-29,66,5,4.88,0.0,0.0,0.07575757575757576,0.976
"March 10, 2026-Leads,Performance Max",PAUSED,2026-05-30,2207,46,6.971766,0.0,0.0,0.02084277299501586,0.15156013043478261
"May 5, Leads-Search-2",PAUSED,2026-05-30,33,1,3.82,0.0,0.0,0.030303030303030304,3.82
"March 10, 2026-Leads,Performance Max",PAUSED,2026-05-31,1766,46,9.533968,0.0,0.0,0.026047565118912798,0.2072601739130435
"May 5, Leads-Search-2",PAUSED,2026-05-31,414,5,3.57459,0.0,0.0,0.012077294685990338,0.714918
"March 10, 2026-Leads,Performance Max",PAUSED,2026-06-01,444,11,4.931457,0.0,0.0,0.024774774774774775,0.4483142727272727
"May 5, Leads-Search-2",PAUSED,2026-06-01,277,5,2.59656,0.0,0.0,0.018050541516245487,0.519312
"March 10, 2026-Leads,Performance Max",PAUSED,2026-06-02,1141,25,11.81451,0.0,0.0,0.021910604732690624,0.4725804
"May 5, Leads-Search-2",PAUSED,2026-06-02,313,8,11.464183,0.0,0.0,0.025559105431309903,1.433022875
"March 10, 2026-Leads,Performance Max",PAUSED,2026-06-03,124,5,1.25298,1.0,0.0,0.04032258064516129,0.250596
"May 5, Leads-Search-2",PAUSED,2026-06-03,230,4,6.429466,0.0,0.0,0.017391304347826087,1.6073665
"March 10, 2026-Leads,Performance Max",PAUSED,2026-06-04,211,2,0.388763,0.0,0.0,0.009478672985781991,0.1943815
"May 5, Leads-Search-2",PAUSED,2026-06-04,492,11,6.304704,0.0,0.0,0.022357723577235773,0.573154909090909
"March 10, 2026-Leads,Performance Max",PAUSED,2026-06-05,68,1,0.453493,0.0,0.0,0.014705882352941176,0.453493
"May 5, Leads-Search-2",PAUSED,2026-06-05,320,7,6.279751,0.0,0.0,0.021875,0.8971072857142857
"March 10, 2026-Leads,Performance Max",PAUSED,2026-06-06,105,2,0.617459,0.0,0.0,0.01904761904761905,0.3087295
"May 5, Leads-Search-2",PAUSED,2026-06-06,150,4,5.192588,0.0,0.0,0.02666666666666667,1.298147
"March 10, 2026-Leads,Performance Max",PAUSED,2026-06-07,101,0,0.143428,0.0,0.0,0.0,0.0
"May 5, Leads-Search-2",PAUSED,2026-06-07,88,4,5.765565,0.0,0.0,0.045454545454545456,1.44139125
"March 10, 2026-Leads,Performance Max",PAUSED,2026-06-08,301,2,0.577976,0.0,0.0,0.006644518272425249,0.288988
"May 5, Leads-Search-2",PAUSED,2026-06-08,135,7,6.904501,0.0,0.0,0.05185185185185185,0.9863572857142857
"March 10, 2026-Leads,Performance Max",PAUSED,2026-06-09,206,0,0.001724,0.0,0.0,0.0,0.0
"May 5, Leads-Search-2",PAUSED,2026-06-09,119,4,2.030348,0.0,0.0,0.03361344537815126,0.507587
"March 10, 2026-Leads,Performance Max",PAUSED,2026-06-10,50,0,0.008557,0.0,0.0,0.0,0.0
"May 5, Leads-Search-2",PAUSED,2026-06-10,210,8,8.350693,0.0,0.0,0.0380952380952381,1.043836625
"March 10, 2026-Leads,Performance Max",PAUSED,2026-06-11,21,0,0.03353,0.0,0.0,0.0,0.0
"May 5, Leads-Search-2",PAUSED,2026-06-11,164,3,2.953061,0.0,0.0,0.018292682926829267,0.9843536666666667
"March 10, 2026-Leads,Performance Max",PAUSED,2026-06-12,15,0,0.010067,0.0,0.0,0.0,0.0
"May 5, Leads-Search-2",PAUSED,2026-06-12,134,4,11.033196,1.0,1.0,0.029850746268656716,2.758299
"March 10, 2026-Leads,Performance Max",PAUSED,2026-06-13,20,1,0.099642,0.0,0.0,0.05,0.099642
"May 5, Leads-Search-2",PAUSED,2026-06-13,100,5,4.990935,0.0,0.0,0.05,0.998187
"March 10, 2026-Leads,Performance Max",PAUSED,2026-06-14,19,0,0.055883,0.0,0.0,0.0,0.0
"May 5, Leads-Search-2",PAUSED,2026-06-14,83,5,2.88,0.0,0.0,0.060240963855421686,0.576
"March 10, 2026-Leads,Performance Max",PAUSED,2026-06-15,26,1,0.10371,0.0,0.0,0.038461538461538464,0.10371
"May 5, Leads-Search-2",PAUSED,2026-06-15,188,6,11.928275,2.0,2.0,0.031914893617021274,1.9880458333333333
"March 10, 2026-Leads,Performance Max",PAUSED,2026-06-16,36,3,0.208306,0.0,0.0,0.08333333333333333,0.06943533333333334
"May 5, Leads-Search-2",PAUSED,2026-06-16,154,4,5.04,0.0,0.0,0.025974025974025976,1.26
"March 10, 2026-Leads,Performance Max",PAUSED,2026-06-17,23,0,0.015787,0.0,0.0,0.0,0.0
"May 5, Leads-Search-2",PAUSED,2026-06-17,72,4,9.23,0.0,0.0,0.05555555555555555,2.3075
"March 10, 2026-Leads,Performance Max",PAUSED,2026-06-18,66,2,0.291693,0.0,0.0,0.030303030303030304,0.1458465
"May 5, Leads-Search-2",PAUSED,2026-06-18,54,4,7.102803,0.0,0.0,0.07407407407407407,1.77570075
"March 10, 2026-Leads,Performance Max",PAUSED,2026-06-19,129,9,6.189951,0.0,0.0,0.06976744186046512,0.6877723333333333
"May 5, Leads-Search-2",PAUSED,2026-06-19,16,2,4.169777,0.0,0.0,0.125,2.0848885
"March 10, 2026-Leads,Performance Max",PAUSED,2026-06-20,255,3,0.589148,0.0,0.0,0.011764705882352941,0.19638266666666665
"May 5, Leads-Search-2",PAUSED,2026-06-20,20,3,3.98,0.0,0.0,0.15,1.3266666666666667
"March 10, 2026-Leads,Performance Max",PAUSED,2026-06-21,76,1,0.303434,0.0,0.0,0.013157894736842105,0.303434
"May 5, Leads-Search-2",PAUSED,2026-06-21,36,7,7.19092,0.0,0.0,0.19444444444444445,1.0272742857142856
"March 10, 2026-Leads,Performance Max",PAUSED,2026-06-22,15,0,0.0,0.0,0.0,0.0,0.0
"May 5, Leads-Search-2",PAUSED,2026-06-22,40,4,6.41,0.0,0.0,0.1,1.6025
"March 10, 2026-Leads,Performance Max",PAUSED,2026-06-23,14,0,0.0,0.0,0.0,0.0,0.0
"May 5, Leads-Search-2",PAUSED,2026-06-23,39,1,0.548597,0.0,0.0,0.02564102564102564,0.548597
"March 10, 2026-Leads,Performance Max",PAUSED,2026-06-24,27,1,0.035899,0.0,0.0,0.037037037037037035,0.035899
"May 5, Leads-Search-2",PAUSED,2026-06-24,23,4,6.86,0.0,0.0,0.17391304347826086,1.715
"March 10, 2026-Leads,Performance Max",PAUSED,2026-06-25,35,1,0.130897,0.0,0.0,0.02857142857142857,0.130897
"May 5, Leads-Search-2",PAUSED,2026-06-25,23,1,0.65,0.0,0.0,0.043478260869565216,0.65
"March 10, 2026-Leads,Performance Max",PAUSED,2026-06-26,43,0,0.000775,0.0,0.0,0.0,0.0
"May 5, Leads-Search-2",PAUSED,2026-06-26,31,1,2.6,0.0,0.0,0.03225806451612903,2.6
"March 10, 2026-Leads,Performance Max",PAUSED,2026-06-27,124,1,0.094727,0.0,0.0,0.008064516129032258,0.094727
"May 5, Leads-Search-2",PAUSED,2026-06-27,58,1,0.693955,0.0,0.0,0.017241379310344827,0.693955
"March 10, 2026-Leads,Performance Max",PAUSED,2026-06-28,105,2,0.620012,0.0,0.0,0.01904761904761905,0.310006
"May 5, Leads-Search-2",PAUSED,2026-06-28,61,3,2.678,0.0,0.0,0.04918032786885246,0.8926666666666666
"March 10, 2026-Leads,Performance Max",PAUSED,2026-06-29,27,0,0.0,0.0,0.0,0.0,0.0
"May 5, Leads-Search-2",PAUSED,2026-06-29,89,5,11.97,0.0,0.0,0.056179775280898875,2.394
"March 10, 2026-Leads,Performance Max",PAUSED,2026-06-30,16,0,0.0,0.0,0.0,0.0,0.0
"May 5, Leads-Search-2",PAUSED,2026-06-30,68,4,11.799141,0.0,0.0,0.058823529411764705,2.94978525
